,name,star,five,great,cpu,processor,good,fast,best,gaming,intel,work,price,amazing,performance,product,excellent,love,core,awesome,buy,one,run,four,value,budget,perfect,nice,chip,worth,get,five stars,great cpu,great processor,four stars,works great,great product,good cpu,best cpu,great value,intel core,gaming cpu,great performance,bang buck,great gaming,best processor,good processor,three stars,one star,great price,super fast,best bang buck,intel core processor,worth every penny,best gaming cpu,great cpu gaming,great bang buck,great gaming cpu,best processor ever,fast fast fast,best budget cpu
0,201101,0.0,0.0,0.0,0.0,0.0,0.0,0.0,0.0,0.0,0.0,0.0,0.0,0.0,0.0,0.0,0.0,0.0,0.0,0.0,0.0,0.0,0.0,0.0,0.0,0.0,0.0,0.0,0.0,0.3333333333333333,0.3333333333333333,0.0,0.0,0.0,0.0,0.0,0.0,0.0,0.0,0.0,0.0,0.0,0.0,0.0,0.0,0.0,0.0,0.0,0.0,0.0,0.0,0.0,0.0,0.0,0.0,0.0,0.0,0.0,0.0,0.0,0.0
1,201102,0.0,0.0,0.041666666666666664,0.0,0.041666666666666664,0.0,0.0,0.0,0.041666666666666664,0.0,0.0,0.0,0.0,0.041666666666666664,0.0,0.041666666666666664,0.041666666666666664,0.0,0.0,0.0,0.0,0.0,0.0,0.0,0.0,0.0,0.0,0.041666666666666664,0.0,0.0,0.0,0.0,0.0,0.0,0.0,0.0,0.0,0.0,0.0,0.0,0.0,0.0,0.0,0.0,0.0,0.0,0.0,0.0,0.0,0.0,0.0,0.0,0.0,0.0,0.0,0.0,0.0,0.0,0.0,0.0
2,201103,0.07692307692307693,0.07692307692307693,0.07692307692307693,0.0,0.0,0.0,0.07692307692307693,0.0,0.0,0.0,0.0,0.0,0.0,0.0,0.0,0.0,0.0,0.0,0.0,0.0,0.0,0.0,0.0,0.0,0.0,0.0,0.0,0.0,0.0,0.0,0.125,0.0,0.0,0.0,0.0,0.0,0.0,0.0,0.0,0.0,0.0,0.0,0.0,0.0,0.0,0.0,0.0,0.0,0.0,0.0,0.0,0.0,0.0,0.0,0.0,0.0,0.0,0.0,0.0,0.0
3,201104,0.0,0.0,0.2,0.2,0.0,0.2,0.0,0.0,0.0,0.0,0.0,0.0,0.0,0.0,0.0,0.0,0.0,0.0,0.0,0.0,0.0,0.0,0.0,0.0,0.0,0.0,0.0,0.0,0.0,0.0,0.0,0.3333333333333333,0.0,0.0,0.0,0.0,0.0,0.0,0.0,0.0,0.0,0.0,0.0,0.0,0.0,0.0,0.0,0.0,0.0,0.0,0.0,0.0,0.0,0.0,0.0,0.0,0.0,0.0,0.0,0.0
4,201105,0.03225806451612903,0.03225806451612903,0.03225806451612903,0.06451612903225806,0.06451612903225806,0.03225806451612903,0.06451612903225806,0.0,0.0,0.0,0.0,0.0,0.03225806451612903,0.0,0.0,0.0,0.03225806451612903,0.0,0.0,0.0,0.0,0.0,0.0,0.0,0.0,0.0,0.03225806451612903,0.0,0.0,0.0,0.05555555555555555,0.0,0.0,0.0,0.0,0.0,0.0,0.0,0.0,0.0,0.0,0.0,0.0,0.0,0.0,0.0,0.0,0.0,0.0,0.0,0.0,0.0,0.0,0.0,0.0,0.0,0.0,0.0,0.0,0.0
5,201106,0.09090909090909091,0.09090909090909091,0.09090909090909091,0.0,0.09090909090909091,0.0,0.18181818181818182,0.0,0.0,0.0,0.0,0.0,0.0,0.0,0.0,0.0,0.0,0.0,0.0,0.0,0.0,0.0,0.0,0.0,0.0,0.0,0.0,0.0,0.0,0.0,0.25,0.0,0.0,0.0,0.0,0.0,0.0,0.0,0.0,0.0,0.0,0.0,0.0,0.0,0.0,0.0,0.0,0.0,0.0,0.25,0.0,0.0,0.0,0.0,0.0,0.0,0.0,0.0,0.0,0.0
6,201107,0.05555555555555555,0.05555555555555555,0.1111111111111111,0.0,0.1111111111111111,0.05555555555555555,0.05555555555555555,0.0,0.0,0.0,0.0,0.05555555555555555,0.0,0.0,0.0,0.0,0.0,0.0,0.0,0.0,0.0,0.0,0.0,0.0,0.0,0.0,0.0,0.0,0.0,0.0,0.08333333333333333,0.0,0.16666666666666666,0.0,0.0,0.0,0.0,0.0,0.0,0.0,0.0,0.0,0.0,0.0,0.0,0.0,0.0,0.0,0.0,0.0,0.0,0.0,0.0,0.0,0.0,0.0,0.0,0.0,0.0,0.0
7,201108,0.0,0.0,0.038461538461538464,0.11538461538461539,0.038461538461538464,0.038461538461538464,0.038461538461538464,0.038461538461538464,0.0,0.038461538461538464,0.0,0.0,0.038461538461538464,0.0,0.0,0.0,0.0,0.038461538461538464,0.0,0.0,0.0,0.0,0.0,0.0,0.0,0.0,0.0,0.038461538461538464,0.0,0.0,0.0,0.05263157894736842,0.0,0.0,0.0,0.0,0.0,0.0,0.0,0.05263157894736842,0.0,0.0,0.0,0.0,0.0,0.0,0.0,0.0,0.0,0.0,0.0,0.08333333333333333,0.0,0.0,0.0,0.0,0.0,0.0,0.0,0.0
8,201109,0.037037037037037035,0.0,0.0,0.07407407407407407,0.18518518518518517,0.037037037037037035,0.037037037037037035,0.037037037037037035,0.0,0.037037037037037035,0.0,0.037037037037037035,0.0,0.0,0.0,0.037037037037037035,0.0,0.037037037037037035,0.0,0.0,0.0,0.0,0.037037037037037035,0.0,0.0,0.0,0.0,0.0,0.0,0.0,0.0,0.0,0.0,0.05555555555555555,0.0,0.0,0.0,0.05555555555555555,0.0,0.05555555555555555,0.0,0.0,0.0,0.0,0.0,0.05555555555555555,0.0,0.0,0.0,0.0,0.0,0.1111111111111111,0.0,0.0,0.0,0.0,0.0,0.0,0.0,0.0
9,201110,0.0,0.0,0.08571428571428572,0.05714285714285714,0.05714285714285714,0.0,0.0,0.0,0.0,0.02857142857142857,0.02857142857142857,0.0,0.0,0.0,0.0,0.0,0.0,0.0,0.0,0.0,0.0,0.0,0.0,0.0,0.0,0.0,0.0,0.0,0.0,0.0,0.0,0.04,0.04,0.0,0.04,0.0,0.0,0.0,0.0,0.0,0.0,0.0,0.0,0.0,0.0,0.0,0.0,0.0,0.0,0.0,0.0,0.0,0.0,0.0,0.0,0.0,0.0,0.0,0.0,0.0
10,201111,0.0,0.0,0.09090909090909091,0.030303030303030304,0.06060606060606061,0.030303030303030304,0.0,0.0,0.0,0.0,0.0,0.0,0.0,0.030303030303030304,0.0,0.0,0.030303030303030304,0.030303030303030304,0.0,0.0,0.0,0.0,0.0,0.0,0.0,0.030303030303030304,0.0,0.030303030303030304,0.0,0.0,0.0,0.0,0.09523809523809523,0.0,0.0,0.0,0.0,0.0,0.0,0.0,0.0,0.0,0.0,0.0,0.0,0.0,0.0,0.0,0.0,0.0,0.0,0.0,0.0,0.0,0.0,0.0,0.0,0.0,0.0,0.0
11,201112,0.021739130434782608,0.021739130434782608,0.021739130434782608,0.043478260869565216,0.043478260869565216,0.021739130434782608,0.043478260869565216,0.0,0.0,0.08695652173913043,0.0,0.021739130434782608,0.021739130434782608,0.0,0.021739130434782608,0.021739130434782608,0.0,0.043478260869565216,0.0,0.0,0.0,0.0,0.0,0.043478260869565216,0.0,0.0,0.021739130434782608,0.0,0.0,0.021739130434782608,0.03125,0.0,0.03125,0.0,0.0,0.0,0.0,0.0,0.0,0.03125,0.0,0.0,0.0,0.0,0.0,0.0,0.0,0.0,0.0,0.0,0.0,0.05,0.0,0.0,0.0,0.0,0.0,0.0,0.0,0.0
12,201201,0.02127659574468085,0.02127659574468085,0.0,0.0425531914893617,0.0851063829787234,0.0425531914893617,0.06382978723404255,0.0425531914893617,0.0,0.0,0.0,0.0,0.02127659574468085,0.0,0.02127659574468085,0.0425531914893617,0.02127659574468085,0.0,0.0,0.02127659574468085,0.02127659574468085,0.0,0.0,0.0,0.0,0.0,0.02127659574468085,0.0,0.0,0.0,0.03333333333333333,0.0,0.0,0.0,0.0,0.0,0.0,0.03333333333333333,0.0,0.0,0.0,0.0,0.03333333333333333,0.0,0.0,0.0,0.0,0.0,0.0,0.0,0.05555555555555555,0.0,0.0,0.0,0.0,0.0,0.0,0.0,0.0,0.0
13,201202,0.03225806451612903,0.0,0.03225806451612903,0.06451612903225806,0.06451612903225806,0.03225806451612903,0.0,0.03225806451612903,0.0,0.03225806451612903,0.0,0.0,0.0,0.0,0.0,0.03225806451612903,0.0,0.0,0.0,0.0,0.03225806451612903,0.0,0.0,0.0,0.0,0.0,0.03225806451612903,0.0,0.0,0.03225806451612903,0.0,0.05,0.0,0.0,0.0,0.0,0.0,0.0,0.0,0.0,0.0,0.0,0.0,0.0,0.0,0.0,0.0,0.0,0.0,0.0,0.0,0.0,0.0,0.0,0.0,0.0,0.0,0.0,0.0,0.0
14,201203,0.02127659574468085,0.02127659574468085,0.06382978723404255,0.06382978723404255,0.06382978723404255,0.0,0.06382978723404255,0.0,0.0,0.02127659574468085,0.02127659574468085,0.0425531914893617,0.02127659574468085,0.02127659574468085,0.02127659574468085,0.02127659574468085,0.02127659574468085,0.02127659574468085,0.0,0.0,0.0,0.02127659574468085,0.0,0.02127659574468085,0.0,0.0,0.0,0.0,0.0,0.0,0.029411764705882353,0.029411764705882353,0.0,0.0,0.0,0.0,0.0,0.0,0.0,0.029411764705882353,0.0,0.0,0.0,0.0,0.0,0.0,0.0,0.0,0.029411764705882353,0.029411764705882353,0.0,0.0,0.0,0.0,0.0,0.0,0.0,0.0,0.0,0.0
15,201204,0.0,0.0,0.10810810810810811,0.05405405405405406,0.05405405405405406,0.02702702702702703,0.02702702702702703,0.0,0.0,0.02702702702702703,0.0,0.0,0.0,0.0,0.02702702702702703,0.0,0.0,0.0,0.02702702702702703,0.0,0.0,0.02702702702702703,0.0,0.0,0.0,0.0,0.0,0.0,0.0,0.0,0.0,0.0,0.037037037037037035,0.0,0.0,0.037037037037037035,0.0,0.0,0.0,0.0,0.0,0.0,0.0,0.0,0.0,0.0,0.0,0.0,0.0,0.0,0.0,0.0,0.0,0.0,0.0,0.0,0.0,0.0,0.0,0.0
16,201205,0.01818181818181818,0.01818181818181818,0.12727272727272726,0.05454545454545454,0.09090909090909091,0.05454545454545454,0.03636363636363636,0.01818181818181818,0.0,0.0,0.01818181818181818,0.0,0.0,0.01818181818181818,0.0,0.0,0.0,0.03636363636363636,0.0,0.0,0.0,0.0,0.0,0.0,0.0,0.03636363636363636,0.0,0.0,0.0,0.0,0.02857142857142857,0.02857142857142857,0.08571428571428572,0.0,0.0,0.0,0.0,0.02857142857142857,0.0,0.0,0.0,0.0,0.0,0.0,0.0,0.0,0.0,0.0,0.0,0.0,0.0,0.0,0.0,0.0,0.0,0.0,0.0,0.0,0.0,0.0
17,201206,0.0,0.0,0.13953488372093023,0.06976744186046512,0.06976744186046512,0.046511627906976744,0.046511627906976744,0.046511627906976744,0.046511627906976744,0.0,0.0,0.0,0.0,0.0,0.023255813953488372,0.0,0.0,0.023255813953488372,0.0,0.0,0.0,0.0,0.0,0.023255813953488372,0.0,0.0,0.0,0.0,0.0,0.0,0.0,0.0,0.03333333333333333,0.0,0.0,0.03333333333333333,0.03333333333333333,0.03333333333333333,0.0,0.0,0.0,0.0,0.0,0.03333333333333333,0.0,0.03333333333333333,0.0,0.0,0.0,0.0,0.0,0.0,0.0,0.0,0.0,0.0,0.0,0.0,0.0,0.0
18,201207,0.14285714285714285,0.14285714285714285,0.0,0.14285714285714285,0.14285714285714285,0.0,0.0,0.0,0.0,0.0,0.0,0.0,0.0,0.0,0.0,0.14285714285714285,0.0,0.0,0.14285714285714285,0.0,0.0,0.0,0.0,0.0,0.0,0.0,0.0,0.0,0.0,0.0,0.3333333333333333,0.0,0.0,0.0,0.0,0.0,0.0,0.0,0.0,0.0,0.0,0.0,0.0,0.0,0.0,0.0,0.0,0.0,0.0,0.0,0.0,0.0,0.0,0.0,0.0,0.0,0.0,0.0,0.0,0.0
19,201208,0.14285714285714285,0.14285714285714285,0.21428571428571427,0.07142857142857142,0.07142857142857142,0.0,0.0,0.0,0.0,0.0,0.0,0.0,0.0,0.0,0.0,0.0,0.0,0.0,0.0,0.0,0.0,0.0,0.0,0.0,0.0,0.0,0.0,0.07142857142857142,0.0,0.0,0.2857142857142857,0.14285714285714285,0.14285714285714285,0.0,0.0,0.0,0.0,0.0,0.0,0.0,0.0,0.0,0.0,0.0,0.0,0.0,0.0,0.0,0.0,0.0,0.0,0.0,0.0,0.0,0.0,0.0,0.0,0.0,0.0,0.0
20,201209,0.0,0.0,0.0,0.0,0.15789473684210525,0.10526315789473684,0.0,0.05263157894736842,0.0,0.0,0.0,0.0,0.0,0.0,0.0,0.05263157894736842,0.05263157894736842,0.0,0.0,0.0,0.0,0.0,0.0,0.0,0.0,0.0,0.0,0.0,0.0,0.05263157894736842,0.0,0.0,0.0,0.0,0.0,0.0,0.0,0.0,0.0,0.0,0.0,0.0,0.0,0.0,0.08333333333333333,0.0,0.0,0.0,0.0,0.0,0.0,0.0,0.0,0.0,0.0,0.0,0.0,0.0,0.0,0.0
21,201210,0.05263157894736842,0.0,0.05263157894736842,0.10526315789473684,0.0,0.0,0.0,0.05263157894736842,0.0,0.05263157894736842,0.0,0.0,0.0,0.05263157894736842,0.0,0.0,0.0,0.0,0.0,0.0,0.05263157894736842,0.0,0.05263157894736842,0.0,0.0,0.0,0.0,0.0,0.0,0.0,0.0,0.0,0.0,0.07142857142857142,0.0,0.0,0.0,0.07142857142857142,0.0,0.0,0.0,0.07142857142857142,0.0,0.0,0.0,0.0,0.0,0.0,0.0,0.0,0.0,0.0,0.0,0.0,0.0,0.0,0.0,0.0,0.0,0.0
22,201211,0.07317073170731707,0.04878048780487805,0.0,0.024390243902439025,0.07317073170731707,0.0,0.024390243902439025,0.0,0.024390243902439025,0.0,0.024390243902439025,0.0,0.0,0.0,0.0,0.024390243902439025,0.0,0.0,0.024390243902439025,0.0,0.0,0.0,0.0,0.0,0.0,0.024390243902439025,0.0,0.0,0.024390243902439025,0.0,0.07692307692307693,0.0,0.0,0.0,0.0,0.0,0.0,0.0,0.0,0.0,0.0,0.0,0.038461538461538464,0.0,0.0,0.0,0.038461538461538464,0.0,0.0,0.0,0.0,0.0,0.0,0.0,0.0,0.0,0.0,0.0,0.0,0.0
23,201212,0.056818181818181816,0.056818181818181816,0.045454545454545456,0.06818181818181818,0.045454545454545456,0.0,0.022727272727272728,0.022727272727272728,0.045454545454545456,0.045454545454545456,0.0,0.011363636363636364,0.0,0.0,0.011363636363636364,0.011363636363636364,0.0,0.011363636363636364,0.011363636363636364,0.0,0.0,0.0,0.0,0.0,0.0,0.0,0.011363636363636364,0.011363636363636364,0.011363636363636364,0.0,0.08771929824561403,0.017543859649122806,0.0,0.0,0.0,0.0,0.0,0.03508771929824561,0.0,0.017543859649122806,0.0,0.0,0.0,0.017543859649122806,0.0,0.0,0.0,0.0,0.0,0.0,0.0,0.0,0.0,0.0,0.0,0.0,0.0,0.0,0.0,0.0
24,201301,0.06756756756756757,0.04054054054054054,0.05405405405405406,0.05405405405405406,0.0,0.013513513513513514,0.02702702702702703,0.013513513513513514,0.0,0.0,0.013513513513513514,0.0,0.0,0.0,0.0,0.0,0.0,0.0,0.02702702702702703,0.0,0.0,0.0,0.013513513513513514,0.0,0.0,0.0,0.013513513513513514,0.013513513513513514,0.0,0.013513513513513514,0.06976744186046512,0.06976744186046512,0.0,0.023255813953488372,0.0,0.0,0.0,0.0,0.0,0.0,0.0,0.0,0.0,0.0,0.0,0.0,0.0,0.0,0.0,0.0,0.0,0.0,0.0,0.0,0.0,0.0,0.0,0.0,0.0,0.0
25,201302,0.014492753623188406,0.014492753623188406,0.057971014492753624,0.028985507246376812,0.057971014492753624,0.0,0.08695652173913043,0.014492753623188406,0.0,0.028985507246376812,0.028985507246376812,0.0,0.014492753623188406,0.0,0.028985507246376812,0.028985507246376812,0.0,0.0,0.028985507246376812,0.028985507246376812,0.0,0.0,0.0,0.0,0.0,0.028985507246376812,0.0,0.014492753623188406,0.014492753623188406,0.0,0.02631578947368421,0.0,0.0,0.0,0.05263157894736842,0.02631578947368421,0.0,0.0,0.0,0.0,0.0,0.0,0.0,0.0,0.02631578947368421,0.0,0.0,0.0,0.0,0.0,0.0,0.0,0.0,0.0,0.0,0.0,0.0,0.06666666666666667,0.0,0.0
26,201303,0.08620689655172414,0.06896551724137931,0.08620689655172414,0.05172413793103448,0.034482758620689655,0.0,0.017241379310344827,0.0,0.0,0.05172413793103448,0.017241379310344827,0.0,0.0,0.0,0.017241379310344827,0.0,0.0,0.017241379310344827,0.017241379310344827,0.0,0.0,0.0,0.017241379310344827,0.0,0.0,0.017241379310344827,0.0,0.0,0.0,0.0,0.10810810810810811,0.02702702702702703,0.0,0.02702702702702703,0.0,0.02702702702702703,0.0,0.0,0.0,0.02702702702702703,0.0,0.0,0.0,0.0,0.0,0.0,0.0,0.0,0.0,0.02702702702702703,0.0,0.05555555555555555,0.0,0.0,0.0,0.0,0.0,0.0,0.0,0.0
27,201304,0.07692307692307693,0.07692307692307693,0.07692307692307693,0.0,0.07692307692307693,0.019230769230769232,0.0,0.0,0.019230769230769232,0.019230769230769232,0.0,0.019230769230769232,0.0,0.0,0.0,0.019230769230769232,0.0,0.019230769230769232,0.0,0.0,0.0,0.019230769230769232,0.0,0.0,0.0,0.0,0.0,0.0,0.0,0.019230769230769232,0.12903225806451613,0.0,0.06451612903225806,0.0,0.0,0.0,0.0,0.0,0.0,0.0,0.0,0.0,0.0,0.0,0.0,0.0,0.0,0.0,0.0,0.0,0.0,0.0,0.0,0.0,0.0,0.0,0.0,0.0,0.0,0.0
28,201305,0.020833333333333332,0.020833333333333332,0.0625,0.041666666666666664,0.08333333333333333,0.041666666666666664,0.08333333333333333,0.0,0.0,0.041666666666666664,0.0,0.0,0.0,0.0,0.0,0.0,0.020833333333333332,0.041666666666666664,0.0,0.0,0.0,0.020833333333333332,0.0,0.0,0.0,0.0,0.020833333333333332,0.0,0.0,0.0,0.03333333333333333,0.06666666666666667,0.0,0.0,0.0,0.0,0.0,0.0,0.0,0.06666666666666667,0.0,0.0,0.0,0.0,0.0,0.0,0.0,0.0,0.0,0.03333333333333333,0.0,0.0625,0.0,0.0,0.0,0.0,0.0,0.0,0.0,0.0
29,201306,0.0,0.0,0.07462686567164178,0.014925373134328358,0.014925373134328358,0.014925373134328358,0.014925373134328358,0.029850746268656716,0.0,0.04477611940298507,0.029850746268656716,0.014925373134328358,0.0,0.0,0.0,0.0,0.014925373134328358,0.029850746268656716,0.029850746268656716,0.014925373134328358,0.0,0.0,0.0,0.014925373134328358,0.0,0.0,0.014925373134328358,0.014925373134328358,0.014925373134328358,0.0,0.0,0.0,0.0,0.0,0.0,0.0,0.0,0.0,0.022727272727272728,0.045454545454545456,0.0,0.0,0.0,0.0,0.0,0.0,0.0,0.0,0.0,0.0,0.0,0.034482758620689655,0.0,0.0,0.0,0.0,0.0,0.0,0.0,0.0
30,201307,0.125,0.125,0.041666666666666664,0.08333333333333333,0.0,0.0,0.041666666666666664,0.0,0.0,0.0,0.0,0.0,0.0,0.0,0.041666666666666664,0.0,0.0,0.0,0.125,0.0,0.0,0.0,0.0,0.0,0.0,0.0,0.0,0.0,0.0,0.0,0.25,0.08333333333333333,0.0,0.0,0.0,0.0,0.0,0.0,0.0,0.0,0.0,0.0,0.0,0.0,0.0,0.0,0.0,0.0,0.0,0.0,0.0,0.0,0.0,0.0,0.0,0.0,0.0,0.0,0.0,0.0
31,201308,0.06060606060606061,0.06060606060606061,0.06060606060606061,0.0,0.09090909090909091,0.06060606060606061,0.030303030303030304,0.0,0.030303030303030304,0.06060606060606061,0.030303030303030304,0.030303030303030304,0.0,0.0,0.0,0.0,0.0,0.0,0.0,0.0,0.0,0.030303030303030304,0.0,0.0,0.030303030303030304,0.0,0.0,0.0,0.030303030303030304,0.0,0.09523809523809523,0.0,0.0,0.0,0.0,0.0,0.0,0.0,0.0,0.0,0.0,0.0,0.0,0.0,0.0,0.0,0.0,0.0,0.0,0.0,0.0,0.0,0.0,0.0,0.0,0.0,0.0,0.0,0.0,0.0
32,201309,0.029411764705882353,0.029411764705882353,0.14705882352941177,0.058823529411764705,0.058823529411764705,0.0,0.029411764705882353,0.0,0.0,0.029411764705882353,0.0,0.029411764705882353,0.058823529411764705,0.029411764705882353,0.0,0.0,0.08823529411764706,0.029411764705882353,0.0,0.0,0.0,0.0,0.0,0.0,0.0,0.0,0.0,0.0,0.0,0.0,0.05263157894736842,0.0,0.05263157894736842,0.0,0.0,0.0,0.0,0.0,0.0,0.05263157894736842,0.0,0.0,0.0,0.0,0.0,0.0,0.0,0.0,0.05263157894736842,0.0,0.0,0.0,0.0,0.0,0.0,0.0,0.0,0.0,0.0,0.0
33,201310,0.10126582278481013,0.08860759493670886,0.05063291139240506,0.0,0.05063291139240506,0.02531645569620253,0.0379746835443038,0.0,0.0,0.02531645569620253,0.02531645569620253,0.012658227848101266,0.0,0.012658227848101266,0.0,0.012658227848101266,0.012658227848101266,0.02531645569620253,0.0,0.0,0.012658227848101266,0.0,0.012658227848101266,0.012658227848101266,0.0,0.0,0.0,0.02531645569620253,0.0,0.0,0.12962962962962962,0.0,0.018518518518518517,0.018518518518518517,0.018518518518518517,0.0,0.0,0.0,0.0,0.037037037037037035,0.0,0.0,0.0,0.0,0.0,0.018518518518518517,0.0,0.0,0.0,0.0,0.0,0.0,0.0,0.0,0.0,0.0,0.0,0.0,0.0,0.0
34,201311,0.05263157894736842,0.02631578947368421,0.05263157894736842,0.02631578947368421,0.02631578947368421,0.0,0.05263157894736842,0.0,0.0,0.0,0.02631578947368421,0.0,0.0,0.0,0.02631578947368421,0.0,0.02631578947368421,0.0,0.02631578947368421,0.05263157894736842,0.0,0.0,0.0,0.0,0.0,0.0,0.0,0.0,0.02631578947368421,0.05263157894736842,0.03571428571428571,0.0,0.0,0.0,0.0,0.0,0.0,0.0,0.0,0.0,0.0,0.0,0.03571428571428571,0.0,0.0,0.0,0.0,0.0,0.0,0.03571428571428571,0.0,0.0,0.0,0.0,0.0,0.0,0.0,0.0,0.0,0.0
35,201312,0.125,0.1,0.025,0.025,0.0,0.05,0.0,0.025,0.025,0.0,0.0,0.025,0.025,0.025,0.0,0.0,0.0,0.0,0.0,0.0,0.0,0.0,0.025,0.0,0.0,0.025,0.025,0.025,0.0,0.0,0.16,0.04,0.0,0.04,0.0,0.0,0.0,0.0,0.0,0.0,0.0,0.0,0.0,0.0,0.0,0.0,0.0,0.0,0.0,0.0,0.0,0.0,0.0,0.0,0.0,0.0,0.0,0.0,0.0,0.0
36,201401,0.02040816326530612,0.0,0.08163265306122448,0.02040816326530612,0.02040816326530612,0.02040816326530612,0.0,0.061224489795918366,0.0,0.02040816326530612,0.02040816326530612,0.02040816326530612,0.0,0.02040816326530612,0.0,0.0,0.0,0.02040816326530612,0.02040816326530612,0.0,0.0,0.0,0.02040816326530612,0.02040816326530612,0.0,0.0,0.0,0.0,0.0,0.0,0.0,0.0,0.0,0.03333333333333333,0.0,0.0,0.0,0.03333333333333333,0.0,0.0,0.0,0.0,0.0,0.0,0.0,0.0,0.0,0.0,0.0,0.0,0.0,0.0,0.0,0.0,0.0,0.0,0.0,0.0,0.0,0.0
37,201402,0.11538461538461539,0.07692307692307693,0.038461538461538464,0.07692307692307693,0.038461538461538464,0.0,0.038461538461538464,0.0,0.0,0.0,0.0,0.038461538461538464,0.0,0.07692307692307693,0.0,0.07692307692307693,0.0,0.0,0.0,0.0,0.0,0.0,0.0,0.0,0.0,0.0,0.0,0.0,0.0,0.0,0.125,0.0,0.0,0.0,0.0,0.0,0.0,0.0,0.0,0.0,0.0,0.0625,0.0,0.0,0.0,0.0,0.0625,0.0,0.0,0.0,0.0,0.0,0.0,0.0,0.0,0.0,0.0,0.0,0.0,0.0
38,201403,0.0,0.0,0.0,0.05263157894736842,0.0,0.0,0.05263157894736842,0.0,0.0,0.0,0.05263157894736842,0.0,0.0,0.0,0.0,0.0,0.0,0.0,0.0,0.0,0.0,0.0,0.0,0.0,0.0,0.0,0.05263157894736842,0.0,0.0,0.0,0.0,0.0,0.0,0.0,0.0,0.0,0.0,0.0,0.0,0.0,0.0,0.0,0.0,0.0,0.0,0.0,0.0,0.0,0.0,0.0,0.0,0.0,0.0,0.0,0.0,0.0,0.0,0.0,0.0,0.0
39,201404,0.058823529411764705,0.058823529411764705,0.058823529411764705,0.058823529411764705,0.058823529411764705,0.0,0.11764705882352941,0.0,0.0,0.0,0.0,0.0,0.0,0.0,0.0,0.0,0.0,0.0,0.0,0.0,0.0,0.0,0.0,0.0,0.0,0.0,0.0,0.0,0.0,0.0,0.09090909090909091,0.0,0.09090909090909091,0.0,0.0,0.0,0.0,0.0,0.0,0.0,0.0,0.0,0.0,0.0,0.0,0.0,0.0,0.0,0.0,0.0,0.0,0.0,0.0,0.0,0.0,0.0,0.0,0.0,0.0,0.0
40,201405,0.1111111111111111,0.05555555555555555,0.0,0.05555555555555555,0.05555555555555555,0.05555555555555555,0.05555555555555555,0.0,0.0,0.05555555555555555,0.0,0.0,0.0,0.0,0.05555555555555555,0.0,0.0,0.0,0.0,0.0,0.0,0.0,0.0,0.0,0.0,0.0,0.0,0.0,0.0,0.0,0.08333333333333333,0.0,0.0,0.0,0.0,0.0,0.0,0.0,0.0,0.0,0.0,0.0,0.0,0.0,0.0,0.0,0.0,0.0,0.0,0.0,0.0,0.0,0.0,0.0,0.0,0.0,0.0,0.0,0.0,0.0
41,201406,0.10909090909090909,0.09090909090909091,0.03636363636363636,0.01818181818181818,0.01818181818181818,0.0,0.0,0.0,0.0,0.03636363636363636,0.0,0.0,0.01818181818181818,0.0,0.0,0.0,0.0,0.0,0.0,0.01818181818181818,0.0,0.0,0.01818181818181818,0.0,0.0,0.0,0.0,0.0,0.0,0.01818181818181818,0.15151515151515152,0.0,0.0,0.030303030303030304,0.0,0.0,0.0,0.0,0.0,0.0,0.0,0.0,0.0,0.0,0.0,0.0,0.0,0.0,0.0,0.0,0.0,0.0,0.0,0.0,0.0,0.0,0.0,0.0,0.0,0.0
42,201407,0.12,0.088,0.032,0.024,0.016,0.016,0.04,0.016,0.008,0.008,0.016,0.008,0.008,0.008,0.0,0.0,0.008,0.008,0.008,0.008,0.0,0.008,0.008,0.0,0.0,0.016,0.0,0.0,0.0,0.0,0.1375,0.0,0.0125,0.0125,0.0125,0.0,0.0125,0.0,0.0,0.0,0.0,0.0125,0.0,0.0,0.0,0.0,0.0375,0.0,0.0,0.0,0.0,0.0,0.0,0.0,0.0,0.0,0.0,0.0,0.0,0.0
43,201408,0.10135135135135136,0.07432432432432433,0.033783783783783786,0.02027027027027027,0.02027027027027027,0.02027027027027027,0.02702702702702703,0.006756756756756757,0.006756756756756757,0.02702702702702703,0.0,0.0,0.006756756756756757,0.013513513513513514,0.006756756756756757,0.006756756756756757,0.013513513513513514,0.013513513513513514,0.0,0.006756756756756757,0.006756756756756757,0.0,0.02027027027027027,0.006756756756756757,0.0,0.0,0.0,0.0,0.013513513513513514,0.013513513513513514,0.11,0.01,0.0,0.03,0.0,0.01,0.0,0.0,0.01,0.01,0.0,0.0,0.0,0.0,0.0,0.0,0.0,0.01,0.0,0.0,0.0,0.017543859649122806,0.0,0.0,0.0,0.0,0.0,0.0,0.0,0.0
44,201409,0.12903225806451613,0.12258064516129032,0.07096774193548387,0.025806451612903226,0.025806451612903226,0.012903225806451613,0.012903225806451613,0.01935483870967742,0.0064516129032258064,0.0064516129032258064,0.012903225806451613,0.0064516129032258064,0.012903225806451613,0.0064516129032258064,0.0064516129032258064,0.0,0.0,0.0,0.0064516129032258064,0.012903225806451613,0.0,0.0,0.0064516129032258064,0.0,0.0,0.0,0.0,0.0,0.0064516129032258064,0.0064516129032258064,0.19387755102040816,0.030612244897959183,0.02040816326530612,0.01020408163265306,0.01020408163265306,0.0,0.0,0.0,0.0,0.0,0.0,0.0,0.0,0.0,0.01020408163265306,0.0,0.0,0.0,0.01020408163265306,0.0,0.0,0.0,0.0,0.0,0.0,0.0,0.0,0.02040816326530612,0.0,0.0
45,201410,0.12413793103448276,0.1103448275862069,0.020689655172413793,0.020689655172413793,0.04827586206896552,0.006896551724137931,0.041379310344827586,0.013793103448275862,0.0,0.0,0.006896551724137931,0.0,0.006896551724137931,0.0,0.0,0.0,0.013793103448275862,0.0,0.020689655172413793,0.006896551724137931,0.006896551724137931,0.013793103448275862,0.013793103448275862,0.0,0.006896551724137931,0.0,0.006896551724137931,0.0,0.0,0.0,0.17391304347826086,0.0,0.010869565217391304,0.021739130434782608,0.010869565217391304,0.0,0.010869565217391304,0.010869565217391304,0.0,0.0,0.0,0.0,0.0,0.0,0.0,0.0,0.0,0.0,0.0,0.010869565217391304,0.0,0.0,0.0,0.0,0.0,0.0,0.0,0.0,0.0,0.0
46,201411,0.12781954887218044,0.11278195488721804,0.022556390977443608,0.015037593984962405,0.022556390977443608,0.015037593984962405,0.045112781954887216,0.015037593984962405,0.0,0.015037593984962405,0.015037593984962405,0.0,0.007518796992481203,0.015037593984962405,0.0,0.0,0.03007518796992481,0.0,0.015037593984962405,0.007518796992481203,0.0,0.022556390977443608,0.0,0.0,0.0,0.0,0.0,0.015037593984962405,0.0,0.007518796992481203,0.17857142857142858,0.011904761904761904,0.0,0.0,0.0,0.0,0.0,0.0,0.0,0.0,0.0,0.011904761904761904,0.0,0.0,0.0,0.0,0.023809523809523808,0.0,0.0,0.0,0.0,0.0,0.0,0.0,0.0,0.0,0.0,0.0,0.025,0.0
47,201412,0.10204081632653061,0.09387755102040816,0.053061224489795916,0.024489795918367346,0.036734693877551024,0.024489795918367346,0.04081632653061224,0.024489795918367346,0.02040816326530612,0.0,0.00816326530612245,0.00816326530612245,0.0,0.004081632653061225,0.00816326530612245,0.0163265306122449,0.0,0.00816326530612245,0.00816326530612245,0.004081632653061225,0.00816326530612245,0.004081632653061225,0.004081632653061225,0.012244897959183673,0.004081632653061225,0.004081632653061225,0.004081632653061225,0.012244897959183673,0.0,0.0,0.14375,0.01875,0.0125,0.00625,0.00625,0.0,0.0,0.00625,0.00625,0.0,0.0,0.00625,0.00625,0.00625,0.0,0.0,0.0,0.00625,0.0,0.00625,0.011904761904761904,0.0,0.0,0.0,0.0,0.0,0.0,0.0,0.0,0.0
48,201501,0.16875,0.1625,0.03125,0.01875,0.03125,0.0125,0.0125,0.025,0.00625,0.01875,0.00625,0.0,0.0,0.0,0.01875,0.00625,0.00625,0.0125,0.00625,0.0125,0.0,0.0,0.0,0.0,0.0,0.0125,0.00625,0.00625,0.0,0.0,0.2765957446808511,0.010638297872340425,0.010638297872340425,0.0,0.010638297872340425,0.010638297872340425,0.0,0.02127659574468085,0.0,0.02127659574468085,0.0,0.0,0.0,0.0,0.0,0.0,0.010638297872340425,0.0,0.0,0.0,0.0,0.05405405405405406,0.0,0.0,0.0,0.0,0.0,0.0,0.0,0.0
49,201502,0.1691542288557214,0.16417910447761194,0.03482587064676617,0.04477611940298507,0.029850746268656716,0.029850746268656716,0.01990049751243781,0.014925373134328358,0.009950248756218905,0.004975124378109453,0.009950248756218905,0.0,0.0,0.0,0.0,0.009950248756218905,0.009950248756218905,0.004975124378109453,0.004975124378109453,0.004975124378109453,0.004975124378109453,0.004975124378109453,0.0,0.0,0.004975124378109453,0.0,0.014925373134328358,0.0,0.0,0.004975124378109453,0.2619047619047619,0.015873015873015872,0.015873015873015872,0.0,0.007936507936507936,0.0,0.0,0.0,0.0,0.007936507936507936,0.007936507936507936,0.0,0.007936507936507936,0.0,0.007936507936507936,0.007936507936507936,0.0,0.0,0.0,0.0,0.0,0.017241379310344827,0.0,0.0,0.0,0.0,0.0,0.0,0.0,0.0
50,201503,0.1452513966480447,0.12290502793296089,0.03910614525139665,0.027932960893854747,0.03910614525139665,0.0111731843575419,0.03910614525139665,0.0111731843575419,0.0111731843575419,0.00558659217877095,0.00558659217877095,0.00558659217877095,0.00558659217877095,0.0,0.0111731843575419,0.00558659217877095,0.01675977653631285,0.0111731843575419,0.0223463687150838,0.0111731843575419,0.0,0.0,0.0223463687150838,0.0,0.0,0.00558659217877095,0.00558659217877095,0.0,0.0,0.0111731843575419,0.21153846153846154,0.0,0.0,0.038461538461538464,0.009615384615384616,0.009615384615384616,0.009615384615384616,0.0,0.0,0.0,0.0,0.0,0.0,0.0,0.009615384615384616,0.0,0.0,0.0,0.0,0.009615384615384616,0.0,0.0,0.0,0.0,0.0,0.0,0.0,0.023255813953488372,0.0,0.0
51,201504,0.16216216216216217,0.14594594594594595,0.03783783783783784,0.021621621621621623,0.010810810810810811,0.010810810810810811,0.005405405405405406,0.010810810810810811,0.005405405405405406,0.010810810810810811,0.0,0.005405405405405406,0.02702702702702703,0.02702702702702703,0.005405405405405406,0.005405405405405406,0.005405405405405406,0.005405405405405406,0.021621621621621623,0.005405405405405406,0.005405405405405406,0.0,0.016216216216216217,0.0,0.0,0.005405405405405406,0.005405405405405406,0.005405405405405406,0.010810810810810811,0.005405405405405406,0.23478260869565218,0.008695652173913044,0.008695652173913044,0.02608695652173913,0.0,0.0,0.0,0.0,0.0,0.0,0.0,0.017391304347826087,0.008695652173913044,0.008695652173913044,0.0,0.0,0.0,0.0,0.008695652173913044,0.0,0.0196078431372549,0.0,0.0196078431372549,0.0,0.0,0.0,0.0,0.0,0.0,0.0
52,201505,0.08648648648648649,0.06486486486486487,0.043243243243243246,0.043243243243243246,0.016216216216216217,0.0,0.032432432432432434,0.010810810810810811,0.021621621621621623,0.010810810810810811,0.005405405405405406,0.005405405405405406,0.005405405405405406,0.010810810810810811,0.005405405405405406,0.010810810810810811,0.005405405405405406,0.005405405405405406,0.005405405405405406,0.0,0.010810810810810811,0.010810810810810811,0.016216216216216217,0.005405405405405406,0.005405405405405406,0.010810810810810811,0.005405405405405406,0.005405405405405406,0.005405405405405406,0.005405405405405406,0.09375,0.0,0.0078125,0.0234375,0.0078125,0.0,0.0,0.0078125,0.0,0.0,0.0078125,0.0,0.0,0.0078125,0.0,0.0,0.0,0.0078125,0.0,0.0,0.0,0.0,0.0,0.01282051282051282,0.0,0.0,0.0,0.0,0.0,0.0
53,201506,0.11165048543689321,0.10194174757281553,0.05339805825242718,0.04854368932038835,0.03398058252427184,0.009708737864077669,0.019417475728155338,0.009708737864077669,0.014563106796116505,0.0,0.014563106796116505,0.009708737864077669,0.0048543689320388345,0.0048543689320388345,0.0048543689320388345,0.009708737864077669,0.0048543689320388345,0.0048543689320388345,0.0,0.0,0.0,0.0048543689320388345,0.009708737864077669,0.0,0.0048543689320388345,0.0048543689320388345,0.0,0.009708737864077669,0.0,0.0048543689320388345,0.15,0.014285714285714285,0.014285714285714285,0.014285714285714285,0.014285714285714285,0.007142857142857143,0.0,0.0,0.0,0.0,0.0,0.0,0.0,0.007142857142857143,0.0,0.0,0.0,0.0,0.007142857142857143,0.0,0.0,0.0,0.0,0.0,0.0,0.0,0.0,0.0,0.0,0.0
54,201507,0.14210526315789473,0.1368421052631579,0.042105263157894736,0.042105263157894736,0.042105263157894736,0.005263157894736842,0.021052631578947368,0.021052631578947368,0.010526315789473684,0.010526315789473684,0.005263157894736842,0.010526315789473684,0.010526315789473684,0.010526315789473684,0.010526315789473684,0.005263157894736842,0.015789473684210527,0.010526315789473684,0.005263157894736842,0.010526315789473684,0.0,0.0,0.005263157894736842,0.005263157894736842,0.0,0.010526315789473684,0.005263157894736842,0.0,0.0,0.0,0.21138211382113822,0.016260162601626018,0.008130081300813009,0.008130081300813009,0.0,0.008130081300813009,0.0,0.008130081300813009,0.0,0.016260162601626018,0.0,0.0,0.0,0.0,0.0,0.0,0.0,0.0,0.0,0.008130081300813009,0.0,0.0,0.0,0.0,0.0,0.0,0.0,0.0,0.0,0.0
55,201508,0.11377245508982035,0.10778443113772455,0.04790419161676647,0.023952095808383235,0.023952095808383235,0.023952095808383235,0.017964071856287425,0.005988023952095809,0.011976047904191617,0.011976047904191617,0.0,0.023952095808383235,0.011976047904191617,0.011976047904191617,0.017964071856287425,0.0,0.011976047904191617,0.0,0.0,0.005988023952095809,0.011976047904191617,0.011976047904191617,0.0,0.0,0.0,0.011976047904191617,0.0,0.011976047904191617,0.005988023952095809,0.0,0.16666666666666666,0.009259259259259259,0.009259259259259259,0.0,0.0,0.018518518518518517,0.0,0.0,0.0,0.0,0.0,0.0,0.0,0.009259259259259259,0.009259259259259259,0.0,0.0,0.009259259259259259,0.0,0.0,0.0,0.0,0.0,0.0,0.0,0.0,0.0,0.0,0.0,0.0
56,201509,0.19230769230769232,0.16025641025641027,0.057692307692307696,0.02564102564102564,0.019230769230769232,0.01282051282051282,0.01282051282051282,0.00641025641025641,0.00641025641025641,0.01282051282051282,0.03205128205128205,0.00641025641025641,0.01282051282051282,0.00641025641025641,0.00641025641025641,0.00641025641025641,0.0,0.0,0.0,0.00641025641025641,0.00641025641025641,0.0,0.00641025641025641,0.00641025641025641,0.00641025641025641,0.0,0.0,0.00641025641025641,0.0,0.00641025641025641,0.25510204081632654,0.01020408163265306,0.01020408163265306,0.01020408163265306,0.030612244897959183,0.0,0.01020408163265306,0.01020408163265306,0.01020408163265306,0.0,0.0,0.01020408163265306,0.0,0.0,0.0,0.0,0.01020408163265306,0.01020408163265306,0.0,0.0,0.0,0.0,0.0,0.0,0.0,0.0,0.0,0.0,0.0,0.0
57,201510,0.17989417989417988,0.15873015873015872,0.047619047619047616,0.010582010582010581,0.015873015873015872,0.015873015873015872,0.015873015873015872,0.005291005291005291,0.0,0.005291005291005291,0.015873015873015872,0.005291005291005291,0.015873015873015872,0.015873015873015872,0.005291005291005291,0.005291005291005291,0.005291005291005291,0.0,0.0,0.010582010582010581,0.015873015873015872,0.0,0.005291005291005291,0.0,0.0,0.0,0.0,0.010582010582010581,0.010582010582010581,0.0,0.25210084033613445,0.008403361344537815,0.01680672268907563,0.008403361344537815,0.0,0.0,0.0,0.0,0.0,0.0,0.0,0.008403361344537815,0.0,0.0,0.0,0.008403361344537815,0.0,0.025210084033613446,0.0,0.0,0.0,0.0,0.019230769230769232,0.0,0.0,0.0,0.0,0.0,0.0,0.0
58,201511,0.11255411255411256,0.1038961038961039,0.021645021645021644,0.047619047619047616,0.012987012987012988,0.012987012987012988,0.004329004329004329,0.025974025974025976,0.004329004329004329,0.017316017316017316,0.004329004329004329,0.0,0.012987012987012988,0.0,0.004329004329004329,0.004329004329004329,0.004329004329004329,0.008658008658008658,0.004329004329004329,0.0,0.004329004329004329,0.030303030303030304,0.008658008658008658,0.0,0.004329004329004329,0.004329004329004329,0.0,0.008658008658008658,0.0,0.021645021645021644,0.14814814814814814,0.0,0.006172839506172839,0.012345679012345678,0.006172839506172839,0.0,0.006172839506172839,0.0,0.0,0.0,0.006172839506172839,0.0,0.012345679012345678,0.0,0.0,0.0,0.0,0.0,0.0,0.0,0.020833333333333332,0.0,0.0,0.0,0.0,0.0,0.0,0.0,0.0,0.0
59,201512,0.07662835249042145,0.06513409961685823,0.0421455938697318,0.034482758620689655,0.03065134099616858,0.01532567049808429,0.007662835249042145,0.03065134099616858,0.011494252873563218,0.022988505747126436,0.007662835249042145,0.019157088122605363,0.0038314176245210726,0.0038314176245210726,0.007662835249042145,0.0,0.0038314176245210726,0.0038314176245210726,0.011494252873563218,0.0038314176245210726,0.007662835249042145,0.007662835249042145,0.007662835249042145,0.0038314176245210726,0.007662835249042145,0.011494252873563218,0.011494252873563218,0.007662835249042145,0.0038314176245210726,0.0,0.09340659340659341,0.0,0.01098901098901099,0.01098901098901099,0.01098901098901099,0.0,0.005494505494505495,0.005494505494505495,0.005494505494505495,0.005494505494505495,0.005494505494505495,0.0,0.0,0.005494505494505495,0.0,0.0,0.005494505494505495,0.0,0.005494505494505495,0.0,0.0,0.009009009009009009,0.0,0.0,0.0,0.0,0.009009009009009009,0.0,0.0,0.009009009009009009
60,201601,0.11846689895470383,0.0975609756097561,0.03484320557491289,0.024390243902439025,0.0313588850174216,0.017421602787456445,0.017421602787456445,0.010452961672473868,0.020905923344947737,0.006968641114982578,0.006968641114982578,0.006968641114982578,0.010452961672473868,0.006968641114982578,0.006968641114982578,0.010452961672473868,0.006968641114982578,0.006968641114982578,0.006968641114982578,0.003484320557491289,0.013937282229965157,0.013937282229965157,0.013937282229965157,0.0,0.0,0.006968641114982578,0.006968641114982578,0.003484320557491289,0.0,0.003484320557491289,0.15300546448087432,0.0,0.00546448087431694,0.02185792349726776,0.0,0.00546448087431694,0.0,0.0,0.0,0.0,0.0,0.00546448087431694,0.01092896174863388,0.0,0.0,0.00546448087431694,0.0,0.0,0.0,0.0,0.0,0.0,0.0,0.0,0.0,0.02197802197802198,0.0,0.0,0.0,0.0
61,201602,0.14227642276422764,0.13008130081300814,0.052845528455284556,0.012195121951219513,0.044715447154471545,0.024390243902439025,0.012195121951219513,0.012195121951219513,0.012195121951219513,0.02032520325203252,0.012195121951219513,0.008130081300813009,0.0040650406504065045,0.0040650406504065045,0.0040650406504065045,0.0040650406504065045,0.0040650406504065045,0.0,0.008130081300813009,0.0040650406504065045,0.0040650406504065045,0.0,0.0040650406504065045,0.0,0.0040650406504065045,0.0,0.0,0.0040650406504065045,0.0040650406504065045,0.008130081300813009,0.21052631578947367,0.006578947368421052,0.03289473684210526,0.006578947368421052,0.0,0.006578947368421052,0.0,0.0,0.0,0.0,0.0,0.0,0.006578947368421052,0.006578947368421052,0.013157894736842105,0.0,0.0,0.006578947368421052,0.0,0.0,0.0,0.0,0.0,0.0,0.0,0.013888888888888888,0.0,0.013888888888888888,0.0,0.0
62,201603,0.13120567375886524,0.12056737588652482,0.03900709219858156,0.04609929078014184,0.0070921985815602835,0.01773049645390071,0.010638297872340425,0.02127659574468085,0.014184397163120567,0.010638297872340425,0.010638297872340425,0.010638297872340425,0.0070921985815602835,0.0035460992907801418,0.014184397163120567,0.010638297872340425,0.010638297872340425,0.0035460992907801418,0.0070921985815602835,0.0,0.0070921985815602835,0.010638297872340425,0.010638297872340425,0.0,0.0,0.0070921985815602835,0.0,0.010638297872340425,0.0,0.0035460992907801418,0.192090395480226,0.022598870056497175,0.005649717514124294,0.01694915254237288,0.0,0.011299435028248588,0.005649717514124294,0.005649717514124294,0.0,0.0,0.005649717514124294,0.0,0.0,0.0,0.005649717514124294,0.0,0.0,0.0,0.0,0.0,0.0,0.0,0.0,0.0,0.0,0.0,0.0,0.0,0.0,0.0
63,201604,0.1382488479262673,0.12903225806451613,0.055299539170506916,0.02304147465437788,0.013824884792626729,0.027649769585253458,0.013824884792626729,0.02304147465437788,0.013824884792626729,0.004608294930875576,0.004608294930875576,0.013824884792626729,0.0,0.004608294930875576,0.004608294930875576,0.0,0.0,0.009216589861751152,0.0,0.009216589861751152,0.013824884792626729,0.0,0.0,0.004608294930875576,0.004608294930875576,0.0,0.0,0.004608294930875576,0.0,0.009216589861751152,0.19858156028368795,0.014184397163120567,0.0070921985815602835,0.0,0.0,0.0070921985815602835,0.0,0.0070921985815602835,0.0,0.0,0.0,0.0,0.0070921985815602835,0.0,0.0,0.0,0.0,0.014184397163120567,0.0070921985815602835,0.0,0.014705882352941176,0.0,0.0,0.0,0.0,0.0,0.0,0.0,0.0,0.0
64,201605,0.1278409090909091,0.10795454545454546,0.048295454545454544,0.019886363636363636,0.045454545454545456,0.017045454545454544,0.005681818181818182,0.017045454545454544,0.008522727272727272,0.008522727272727272,0.008522727272727272,0.008522727272727272,0.005681818181818182,0.005681818181818182,0.008522727272727272,0.017045454545454544,0.008522727272727272,0.002840909090909091,0.005681818181818182,0.008522727272727272,0.014204545454545454,0.011363636363636364,0.014204545454545454,0.0,0.0,0.014204545454545454,0.008522727272727272,0.0,0.008522727272727272,0.0,0.16666666666666666,0.013157894736842105,0.008771929824561403,0.021929824561403508,0.0043859649122807015,0.008771929824561403,0.0,0.0,0.0,0.0043859649122807015,0.0,0.0043859649122807015,0.0,0.0,0.0043859649122807015,0.0,0.0043859649122807015,0.0043859649122807015,0.0,0.0,0.0,0.008264462809917356,0.0,0.0,0.0,0.0,0.0,0.0,0.0,0.0
65,201606,0.09782608695652174,0.09057971014492754,0.050724637681159424,0.04710144927536232,0.018115942028985508,0.018115942028985508,0.010869565217391304,0.018115942028985508,0.018115942028985508,0.014492753623188406,0.021739130434782608,0.018115942028985508,0.010869565217391304,0.021739130434782608,0.0,0.0,0.0036231884057971015,0.0,0.010869565217391304,0.010869565217391304,0.010869565217391304,0.007246376811594203,0.0,0.0,0.014492753623188406,0.0036231884057971015,0.0,0.010869565217391304,0.0036231884057971015,0.010869565217391304,0.13297872340425532,0.015957446808510637,0.010638297872340425,0.0,0.015957446808510637,0.0,0.010638297872340425,0.0,0.0,0.0,0.0,0.02127659574468085,0.0,0.005319148936170213,0.005319148936170213,0.0,0.005319148936170213,0.005319148936170213,0.0,0.0,0.0,0.0,0.0,0.0,0.0,0.0,0.0,0.0,0.0,0.0
66,201607,0.14332247557003258,0.1270358306188925,0.048859934853420196,0.03908794788273615,0.026058631921824105,0.02280130293159609,0.019543973941368076,0.006514657980456026,0.013029315960912053,0.013029315960912053,0.013029315960912053,0.0,0.006514657980456026,0.003257328990228013,0.003257328990228013,0.0,0.013029315960912053,0.0,0.003257328990228013,0.0,0.003257328990228013,0.009771986970684038,0.016286644951140065,0.0,0.009771986970684038,0.003257328990228013,0.0,0.006514657980456026,0.009771986970684038,0.003257328990228013,0.203125,0.010416666666666666,0.010416666666666666,0.026041666666666668,0.005208333333333333,0.005208333333333333,0.0,0.0,0.0,0.0,0.0,0.0,0.0,0.0,0.0,0.0,0.0,0.0,0.0,0.005208333333333333,0.0,0.0,0.01098901098901099,0.0,0.0,0.0,0.0,0.0,0.01098901098901099,0.0
67,201608,0.13736263736263737,0.12912087912087913,0.03571428571428571,0.03021978021978022,0.03296703296703297,0.024725274725274724,0.02197802197802198,0.01098901098901099,0.0027472527472527475,0.008241758241758242,0.005494505494505495,0.0027472527472527475,0.01098901098901099,0.005494505494505495,0.0027472527472527475,0.005494505494505495,0.0027472527472527475,0.008241758241758242,0.005494505494505495,0.005494505494505495,0.0027472527472527475,0.008241758241758242,0.0027472527472527475,0.0027472527472527475,0.013736263736263736,0.0,0.0,0.005494505494505495,0.005494505494505495,0.0027472527472527475,0.19915254237288135,0.012711864406779662,0.00423728813559322,0.00423728813559322,0.0,0.00423728813559322,0.00423728813559322,0.00423728813559322,0.0,0.00423728813559322,0.00423728813559322,0.0,0.012711864406779662,0.0,0.00423728813559322,0.0,0.0,0.0,0.0,0.012711864406779662,0.00819672131147541,0.00819672131147541,0.0,0.0,0.0,0.0,0.0,0.0,0.0,0.0
68,201609,0.11796246648793565,0.1126005361930295,0.04825737265415549,0.03753351206434316,0.032171581769437,0.021447721179624665,0.0160857908847185,0.010723860589812333,0.0160857908847185,0.005361930294906166,0.013404825737265416,0.005361930294906166,0.00804289544235925,0.005361930294906166,0.0,0.002680965147453083,0.005361930294906166,0.005361930294906166,0.00804289544235925,0.002680965147453083,0.002680965147453083,0.00804289544235925,0.005361930294906166,0.002680965147453083,0.013404825737265416,0.010723860589812333,0.005361930294906166,0.0,0.0,0.0,0.17573221757322174,0.0041841004184100415,0.016736401673640166,0.008368200836820083,0.0,0.0,0.008368200836820083,0.0,0.0,0.0,0.0,0.0041841004184100415,0.0041841004184100415,0.0041841004184100415,0.0041841004184100415,0.0041841004184100415,0.0,0.0,0.0041841004184100415,0.0,0.0,0.0,0.0,0.0,0.0,0.0,0.0,0.0,0.0,0.0
69,201610,0.13705583756345177,0.12436548223350254,0.050761421319796954,0.048223350253807105,0.02284263959390863,0.03553299492385787,0.012690355329949238,0.01015228426395939,0.01015228426395939,0.01015228426395939,0.02030456852791878,0.007614213197969543,0.0,0.0025380710659898475,0.012690355329949238,0.007614213197969543,0.005076142131979695,0.0025380710659898475,0.005076142131979695,0.012690355329949238,0.0025380710659898475,0.0,0.01015228426395939,0.015228426395939087,0.017766497461928935,0.01015228426395939,0.0,0.005076142131979695,0.0025380710659898475,0.0,0.1975806451612903,0.020161290322580645,0.004032258064516129,0.016129032258064516,0.008064516129032258,0.008064516129032258,0.012096774193548387,0.0,0.012096774193548387,0.0,0.0,0.0,0.004032258064516129,0.0,0.0,0.0,0.004032258064516129,0.0,0.004032258064516129,0.0,0.0,0.0,0.0,0.0,0.0,0.008333333333333333,0.0,0.0,0.0,0.008333333333333333
70,201611,0.0946372239747634,0.08517350157728706,0.06309148264984227,0.050473186119873815,0.03470031545741325,0.022082018927444796,0.015772870662460567,0.022082018927444796,0.006309148264984227,0.00946372239747634,0.015772870662460567,0.006309148264984227,0.012618296529968454,0.0,0.012618296529968454,0.0,0.006309148264984227,0.0031545741324921135,0.0,0.006309148264984227,0.0031545741324921135,0.0031545741324921135,0.006309148264984227,0.006309148264984227,0.006309148264984227,0.006309148264984227,0.0,0.0031545741324921135,0.006309148264984227,0.0031545741324921135,0.1261682242990654,0.018691588785046728,0.018691588785046728,0.009345794392523364,0.014018691588785047,0.004672897196261682,0.009345794392523364,0.0,0.009345794392523364,0.0,0.0,0.0,0.0,0.0,0.004672897196261682,0.004672897196261682,0.004672897196261682,0.0,0.0,0.009345794392523364,0.0,0.0,0.0,0.0,0.0,0.0,0.0,0.008403361344537815,0.0,0.0
71,201612,0.1518987341772152,0.1341772151898734,0.02531645569620253,0.03291139240506329,0.030379746835443037,0.02278481012658228,0.012658227848101266,0.012658227848101266,0.012658227848101266,0.005063291139240506,0.005063291139240506,0.012658227848101266,0.010126582278481013,0.005063291139240506,0.010126582278481013,0.007594936708860759,0.005063291139240506,0.002531645569620253,0.010126582278481013,0.002531645569620253,0.007594936708860759,0.002531645569620253,0.015189873417721518,0.0,0.002531645569620253,0.005063291139240506,0.007594936708860759,0.0,0.002531645569620253,0.005063291139240506,0.20622568093385213,0.0,0.011673151750972763,0.023346303501945526,0.0,0.011673151750972763,0.0038910505836575876,0.0,0.0,0.0038910505836575876,0.0038910505836575876,0.0,0.007782101167315175,0.0,0.007782101167315175,0.0038910505836575876,0.0,0.0038910505836575876,0.0038910505836575876,0.0,0.007751937984496124,0.0,0.007751937984496124,0.0,0.0,0.0,0.0,0.0,0.0,0.0
72,201701,0.1206896551724138,0.10919540229885058,0.04885057471264368,0.014367816091954023,0.022988505747126436,0.011494252873563218,0.022988505747126436,0.008620689655172414,0.011494252873563218,0.008620689655172414,0.011494252873563218,0.011494252873563218,0.005747126436781609,0.0028735632183908046,0.0028735632183908046,0.0,0.005747126436781609,0.011494252873563218,0.0,0.020114942528735632,0.0,0.014367816091954023,0.008620689655172414,0.005747126436781609,0.005747126436781609,0.005747126436781609,0.0,0.0028735632183908046,0.0028735632183908046,0.0,0.17117117117117117,0.009009009009009009,0.013513513513513514,0.009009009009009009,0.009009009009009009,0.0,0.0,0.0,0.009009009009009009,0.009009009009009009,0.0,0.0,0.0,0.0,0.0,0.0,0.009009009009009009,0.0,0.0,0.009009009009009009,0.0,0.0,0.0,0.0,0.008547008547008548,0.0,0.0,0.0,0.0,0.0
73,201702,0.099601593625498,0.08366533864541832,0.043824701195219126,0.02390438247011952,0.035856573705179286,0.027888446215139442,0.03187250996015936,0.01195219123505976,0.00398406374501992,0.00398406374501992,0.01593625498007968,0.01195219123505976,0.00796812749003984,0.0,0.01593625498007968,0.00398406374501992,0.0,0.00398406374501992,0.00398406374501992,0.0,0.01195219123505976,0.00796812749003984,0.00796812749003984,0.0,0.01195219123505976,0.00398406374501992,0.00398406374501992,0.01195219123505976,0.0,0.00796812749003984,0.125,0.005952380952380952,0.011904761904761904,0.011904761904761904,0.005952380952380952,0.005952380952380952,0.0,0.0,0.0,0.0,0.0,0.0,0.005952380952380952,0.0,0.0,0.0,0.0,0.005952380952380952,0.0,0.0,0.010752688172043012,0.0,0.0,0.0,0.010752688172043012,0.0,0.0,0.0,0.0,0.010752688172043012
74,201703,0.13478260869565217,0.11304347826086956,0.030434782608695653,0.02608695652173913,0.02608695652173913,0.02608695652173913,0.004347826086956522,0.004347826086956522,0.008695652173913044,0.013043478260869565,0.0,0.0,0.013043478260869565,0.004347826086956522,0.0,0.0,0.013043478260869565,0.004347826086956522,0.004347826086956522,0.0,0.013043478260869565,0.0,0.017391304347826087,0.004347826086956522,0.0,0.008695652173913044,0.004347826086956522,0.004347826086956522,0.004347826086956522,0.004347826086956522,0.1780821917808219,0.0,0.0136986301369863,0.0273972602739726,0.0,0.0,0.00684931506849315,0.0,0.0,0.0,0.0,0.0,0.00684931506849315,0.0,0.0,0.00684931506849315,0.00684931506849315,0.0,0.0,0.0,0.013888888888888888,0.0,0.0,0.0,0.0,0.0,0.0,0.0,0.0,0.0
75,201704,0.1377245508982036,0.11976047904191617,0.04790419161676647,0.05389221556886228,0.029940119760479042,0.005988023952095809,0.017964071856287425,0.029940119760479042,0.023952095808383235,0.011976047904191617,0.023952095808383235,0.0,0.011976047904191617,0.005988023952095809,0.0,0.005988023952095809,0.0,0.011976047904191617,0.005988023952095809,0.0,0.017964071856287425,0.0,0.011976047904191617,0.0,0.0,0.005988023952095809,0.005988023952095809,0.0,0.0,0.0,0.19607843137254902,0.0196078431372549,0.00980392156862745,0.0196078431372549,0.0196078431372549,0.0,0.0,0.00980392156862745,0.0,0.0,0.00980392156862745,0.0,0.0,0.0,0.0,0.0,0.00980392156862745,0.0,0.0,0.0,0.0,0.0,0.0,0.0,0.0,0.0,0.0,0.0,0.0,0.0
76,201705,0.08376963350785341,0.07329842931937172,0.07329842931937172,0.031413612565445025,0.03664921465968586,0.010471204188481676,0.010471204188481676,0.005235602094240838,0.005235602094240838,0.0,0.031413612565445025,0.005235602094240838,0.005235602094240838,0.005235602094240838,0.010471204188481676,0.005235602094240838,0.005235602094240838,0.0,0.015706806282722512,0.0,0.010471204188481676,0.005235602094240838,0.0,0.0,0.010471204188481676,0.010471204188481676,0.0,0.005235602094240838,0.0,0.010471204188481676,0.1044776119402985,0.0,0.022388059701492536,0.0,0.014925373134328358,0.007462686567164179,0.0,0.0,0.0,0.0,0.0,0.007462686567164179,0.007462686567164179,0.0,0.0,0.0,0.0,0.0,0.007462686567164179,0.0,0.012195121951219513,0.0,0.0,0.0,0.0,0.0,0.0,0.0,0.0,0.0
77,201706,0.0967741935483871,0.08602150537634409,0.04838709677419355,0.03763440860215054,0.05913978494623656,0.021505376344086023,0.005376344086021506,0.010752688172043012,0.010752688172043012,0.021505376344086023,0.010752688172043012,0.005376344086021506,0.0,0.0,0.005376344086021506,0.0,0.005376344086021506,0.016129032258064516,0.005376344086021506,0.005376344086021506,0.0,0.005376344086021506,0.010752688172043012,0.005376344086021506,0.010752688172043012,0.005376344086021506,0.026881720430107527,0.005376344086021506,0.0,0.0,0.128,0.008,0.008,0.016,0.0,0.008,0.0,0.0,0.008,0.0,0.0,0.0,0.0,0.0,0.0,0.016,0.0,0.0,0.008,0.0,0.0,0.0,0.0,0.0,0.0,0.0,0.0,0.0,0.0,0.0
78,201707,0.14285714285714285,0.11278195488721804,0.045112781954887216,0.045112781954887216,0.022556390977443608,0.045112781954887216,0.0,0.03759398496240601,0.0,0.007518796992481203,0.007518796992481203,0.007518796992481203,0.015037593984962405,0.0,0.0,0.0,0.0,0.0,0.015037593984962405,0.015037593984962405,0.007518796992481203,0.0,0.007518796992481203,0.0,0.015037593984962405,0.0,0.0,0.0,0.0,0.007518796992481203,0.18072289156626506,0.03614457831325301,0.0,0.012048192771084338,0.0,0.0,0.0,0.012048192771084338,0.0,0.0,0.0,0.0,0.0,0.0,0.0,0.012048192771084338,0.024096385542168676,0.012048192771084338,0.0,0.0,0.0,0.0,0.0,0.0,0.0,0.0,0.0,0.0,0.0,0.0
79,201708,0.11023622047244094,0.08661417322834646,0.10236220472440945,0.031496062992125984,0.031496062992125984,0.03937007874015748,0.031496062992125984,0.0,0.015748031496062992,0.0,0.031496062992125984,0.023622047244094488,0.0,0.0,0.007874015748031496,0.0,0.0,0.0,0.0,0.0,0.0,0.007874015748031496,0.007874015748031496,0.007874015748031496,0.007874015748031496,0.0,0.007874015748031496,0.007874015748031496,0.0,0.0,0.14285714285714285,0.025974025974025976,0.025974025974025976,0.012987012987012988,0.025974025974025976,0.012987012987012988,0.012987012987012988,0.0,0.0,0.0,0.0,0.0,0.012987012987012988,0.012987012987012988,0.0,0.012987012987012988,0.0,0.0,0.012987012987012988,0.0,0.0,0.0,0.0,0.0,0.0,0.030303030303030304,0.0,0.0,0.0,0.0
80,201709,0.07377049180327869,0.07377049180327869,0.02459016393442623,0.03278688524590164,0.02459016393442623,0.03278688524590164,0.00819672131147541,0.00819672131147541,0.00819672131147541,0.03278688524590164,0.00819672131147541,0.00819672131147541,0.0,0.0,0.00819672131147541,0.0,0.00819672131147541,0.01639344262295082,0.00819672131147541,0.0,0.01639344262295082,0.02459016393442623,0.0,0.0,0.00819672131147541,0.01639344262295082,0.0,0.0,0.01639344262295082,0.0,0.1111111111111111,0.024691358024691357,0.0,0.0,0.0,0.012345679012345678,0.012345679012345678,0.0,0.0,0.012345679012345678,0.0,0.0,0.0,0.0,0.0,0.0,0.0,0.0,0.0,0.0,0.0,0.0,0.022727272727272728,0.0,0.0,0.0,0.0,0.0,0.0,0.0
81,201710,0.06885245901639345,0.04590163934426229,0.04262295081967213,0.04262295081967213,0.02622950819672131,0.019672131147540985,0.013114754098360656,0.01639344262295082,0.01639344262295082,0.009836065573770493,0.009836065573770493,0.006557377049180328,0.019672131147540985,0.006557377049180328,0.003278688524590164,0.006557377049180328,0.009836065573770493,0.009836065573770493,0.006557377049180328,0.006557377049180328,0.019672131147540985,0.006557377049180328,0.006557377049180328,0.009836065573770493,0.019672131147540985,0.009836065573770493,0.006557377049180328,0.0,0.003278688524590164,0.0,0.06796116504854369,0.0048543689320388345,0.014563106796116505,0.009708737864077669,0.0048543689320388345,0.0,0.0,0.0048543689320388345,0.009708737864077669,0.0048543689320388345,0.0,0.0,0.0048543689320388345,0.0,0.0,0.0,0.0048543689320388345,0.014563106796116505,0.0,0.0048543689320388345,0.00819672131147541,0.0,0.0,0.0,0.0,0.0,0.0,0.0,0.0,0.0
82,201711,0.13125,0.11875,0.05,0.05,0.03125,0.025,0.0,0.0,0.0125,0.01875,0.0125,0.0,0.0,0.0,0.0,0.0,0.00625,0.03125,0.00625,0.00625,0.00625,0.0,0.00625,0.0,0.01875,0.0,0.0,0.0,0.00625,0.00625,0.18095238095238095,0.02857142857142857,0.01904761904761905,0.009523809523809525,0.009523809523809525,0.0,0.0,0.0,0.0,0.009523809523809525,0.009523809523809525,0.0,0.0,0.009523809523809525,0.0,0.01904761904761905,0.0,0.009523809523809525,0.0,0.0,0.0,0.0,0.0,0.0,0.0,0.0,0.018867924528301886,0.0,0.0,0.0
83,201712,0.11616161616161616,0.10101010101010101,0.04040404040404041,0.05555555555555555,0.020202020202020204,0.03535353535353535,0.0,0.020202020202020204,0.010101010101010102,0.010101010101010102,0.010101010101010102,0.005050505050505051,0.0,0.0,0.0,0.005050505050505051,0.0,0.0,0.005050505050505051,0.005050505050505051,0.010101010101010102,0.0,0.010101010101010102,0.005050505050505051,0.015151515151515152,0.010101010101010102,0.005050505050505051,0.010101010101010102,0.010101010101010102,0.010101010101010102,0.16,0.016,0.016,0.016,0.0,0.0,0.016,0.0,0.0,0.0,0.0,0.0,0.0,0.0,0.0,0.0,0.0,0.008,0.0,0.0,0.0,0.0,0.01639344262295082,0.0,0.0,0.0,0.0,0.0,0.0,0.0
84,201801,0.09352517985611511,0.09352517985611511,0.06474820143884892,0.05755395683453238,0.02158273381294964,0.03597122302158273,0.02158273381294964,0.014388489208633094,0.014388489208633094,0.02158273381294964,0.02158273381294964,0.0,0.0,0.014388489208633094,0.0,0.007194244604316547,0.014388489208633094,0.0,0.0,0.0,0.007194244604316547,0.0,0.0,0.007194244604316547,0.007194244604316547,0.0,0.0,0.007194244604316547,0.007194244604316547,0.0,0.13978494623655913,0.021505376344086023,0.0,0.0,0.010752688172043012,0.0,0.0,0.0,0.010752688172043012,0.0,0.0,0.010752688172043012,0.0,0.0,0.0,0.03225806451612903,0.0,0.0,0.0,0.0,0.0,0.0,0.0,0.0,0.0,0.0,0.0,0.0,0.0,0.0
85,201802,0.1310483870967742,0.12096774193548387,0.03225806451612903,0.02620967741935484,0.028225806451612902,0.02217741935483871,0.024193548387096774,0.02217741935483871,0.0020161290322580645,0.004032258064516129,0.010080645161290322,0.010080645161290322,0.006048387096774193,0.0,0.0,0.008064516129032258,0.004032258064516129,0.006048387096774193,0.004032258064516129,0.010080645161290322,0.012096774193548387,0.006048387096774193,0.004032258064516129,0.010080645161290322,0.0020161290322580645,0.0020161290322580645,0.004032258064516129,0.004032258064516129,0.004032258064516129,0.004032258064516129,0.1875,0.009375,0.0125,0.00625,0.003125,0.0,0.0,0.003125,0.003125,0.0,0.0,0.0,0.0,0.0,0.0,0.003125,0.00625,0.003125,0.0,0.0,0.0,0.0,0.006134969325153374,0.0,0.0,0.0,0.0,0.0,0.0,0.0
86,201803,0.1780821917808219,0.1643835616438356,0.0410958904109589,0.0273972602739726,0.0136986301369863,0.0547945205479452,0.0273972602739726,0.0,0.0,0.0,0.0,0.0,0.0,0.0,0.0273972602739726,0.0136986301369863,0.0,0.0,0.0,0.0,0.0,0.0,0.0136986301369863,0.0136986301369863,0.0136986301369863,0.0,0.0136986301369863,0.0136986301369863,0.0,0.0,0.3,0.025,0.0,0.025,0.0,0.0,0.025,0.0,0.025,0.0,0.0,0.0,0.0,0.0,0.0,0.0,0.0,0.0,0.0,0.0,0.0,0.0,0.0,0.0,0.0,0.0,0.0,0.0,0.0,0.0
87,201804,0.08300395256916997,0.07114624505928854,0.05928853754940711,0.02766798418972332,0.019762845849802372,0.03557312252964427,0.02766798418972332,0.011857707509881422,0.023715415019762844,0.015810276679841896,0.007905138339920948,0.019762845849802372,0.0,0.003952569169960474,0.003952569169960474,0.007905138339920948,0.003952569169960474,0.011857707509881422,0.0,0.007905138339920948,0.003952569169960474,0.003952569169960474,0.007905138339920948,0.0,0.003952569169960474,0.007905138339920948,0.011857707509881422,0.003952569169960474,0.011857707509881422,0.0,0.10909090909090909,0.006060606060606061,0.006060606060606061,0.012121212121212121,0.0,0.0,0.0,0.006060606060606061,0.0,0.006060606060606061,0.012121212121212121,0.006060606060606061,0.012121212121212121,0.012121212121212121,0.0,0.006060606060606061,0.006060606060606061,0.0,0.0,0.0,0.022222222222222223,0.0,0.0,0.0,0.0,0.0,0.011111111111111112,0.0,0.011111111111111112,0.0
88,201805,0.07741935483870968,0.05161290322580645,0.06451612903225806,0.03225806451612903,0.01935483870967742,0.05161290322580645,0.012903225806451613,0.0064516129032258064,0.012903225806451613,0.0,0.01935483870967742,0.0064516129032258064,0.0,0.01935483870967742,0.012903225806451613,0.012903225806451613,0.0,0.0,0.0064516129032258064,0.012903225806451613,0.0064516129032258064,0.0,0.012903225806451613,0.012903225806451613,0.0064516129032258064,0.0,0.01935483870967742,0.0,0.0064516129032258064,0.0,0.07766990291262135,0.019417475728155338,0.009708737864077669,0.019417475728155338,0.009708737864077669,0.019417475728155338,0.0,0.0,0.0,0.0,0.0,0.0,0.0,0.009708737864077669,0.0,0.009708737864077669,0.0,0.009708737864077669,0.0,0.0,0.0,0.0,0.0,0.0,0.0,0.0,0.0,0.0,0.0,0.0
89,201806,0.09090909090909091,0.09090909090909091,0.08181818181818182,0.03636363636363636,0.05454545454545454,0.045454545454545456,0.01818181818181818,0.02727272727272727,0.00909090909090909,0.00909090909090909,0.01818181818181818,0.03636363636363636,0.0,0.01818181818181818,0.0,0.0,0.0,0.0,0.0,0.00909090909090909,0.0,0.0,0.0,0.00909090909090909,0.0,0.0,0.0,0.0,0.0,0.0,0.1388888888888889,0.013888888888888888,0.027777777777777776,0.0,0.027777777777777776,0.0,0.0,0.0,0.0,0.0,0.013888888888888888,0.0,0.0,0.013888888888888888,0.013888888888888888,0.013888888888888888,0.0,0.0,0.0,0.0,0.0,0.0,0.0,0.0,0.0,0.0,0.024390243902439025,0.024390243902439025,0.0,0.0
90,201807,0.06293706293706294,0.055944055944055944,0.04895104895104895,0.055944055944055944,0.04195804195804196,0.04895104895104895,0.02097902097902098,0.006993006993006993,0.013986013986013986,0.0,0.0,0.013986013986013986,0.006993006993006993,0.006993006993006993,0.0,0.013986013986013986,0.013986013986013986,0.0,0.006993006993006993,0.0,0.0,0.0,0.006993006993006993,0.0,0.006993006993006993,0.0,0.0,0.006993006993006993,0.013986013986013986,0.0,0.0898876404494382,0.02247191011235955,0.011235955056179775,0.011235955056179775,0.0,0.0,0.033707865168539325,0.0,0.0,0.0,0.0,0.0,0.0,0.011235955056179775,0.0,0.011235955056179775,0.0,0.0,0.0,0.0,0.0,0.0,0.0,0.0,0.0,0.0,0.0,0.0,0.0,0.0
91,201808,0.08333333333333333,0.08333333333333333,0.0,0.05555555555555555,0.0,0.027777777777777776,0.0,0.027777777777777776,0.0,0.027777777777777776,0.027777777777777776,0.0,0.0,0.0,0.0,0.05555555555555555,0.027777777777777776,0.0,0.0,0.0,0.0,0.0,0.0,0.0,0.0,0.0,0.0,0.0,0.0,0.027777777777777776,0.14285714285714285,0.0,0.0,0.0,0.0,0.0,0.0,0.0,0.0,0.0,0.0,0.0,0.0,0.0,0.0,0.0,0.0,0.0,0.0,0.0,0.0,0.0,0.0,0.0,0.0,0.0,0.0,0.0,0.0,0.0
92,201809,0.08955223880597014,0.07960199004975124,0.06965174129353234,0.03980099502487562,0.01990049751243781,0.01990049751243781,0.009950248756218905,0.014925373134328358,0.009950248756218905,0.014925373134328358,0.01990049751243781,0.009950248756218905,0.0,0.024875621890547265,0.004975124378109453,0.0,0.01990049751243781,0.004975124378109453,0.004975124378109453,0.014925373134328358,0.009950248756218905,0.0,0.009950248756218905,0.004975124378109453,0.004975124378109453,0.0,0.0,0.004975124378109453,0.0,0.0,0.11940298507462686,0.007462686567164179,0.022388059701492536,0.014925373134328358,0.014925373134328358,0.007462686567164179,0.0,0.0,0.007462686567164179,0.0,0.007462686567164179,0.014925373134328358,0.0,0.0,0.0,0.0,0.0,0.0,0.0,0.0,0.0,0.0,0.0,0.0136986301369863,0.0136986301369863,0.0,0.0,0.0,0.0,0.0
93,201810,0.022857142857142857,0.022857142857142857,0.08,0.05142857142857143,0.022857142857142857,0.04,0.005714285714285714,0.0,0.017142857142857144,0.017142857142857144,0.02857142857142857,0.017142857142857144,0.005714285714285714,0.017142857142857144,0.022857142857142857,0.02857142857142857,0.011428571428571429,0.005714285714285714,0.011428571428571429,0.011428571428571429,0.0,0.0,0.0,0.005714285714285714,0.0,0.005714285714285714,0.005714285714285714,0.005714285714285714,0.011428571428571429,0.011428571428571429,0.04040404040404041,0.020202020202020204,0.020202020202020204,0.0,0.020202020202020204,0.010101010101010102,0.0,0.0,0.010101010101010102,0.010101010101010102,0.0,0.010101010101010102,0.0,0.010101010101010102,0.0,0.0,0.0,0.0,0.0,0.0,0.0,0.0,0.0,0.0,0.0,0.0,0.0,0.0,0.0,0.0
94,201811,0.01972386587771203,0.01775147928994083,0.045364891518737675,0.055226824457593686,0.027613412228796843,0.05128205128205128,0.01775147928994083,0.029585798816568046,0.03155818540433925,0.011834319526627219,0.015779092702169626,0.011834319526627219,0.015779092702169626,0.009861932938856016,0.011834319526627219,0.007889546351084813,0.005917159763313609,0.005917159763313609,0.011834319526627219,0.007889546351084813,0.005917159763313609,0.005917159763313609,0.0019723865877712033,0.005917159763313609,0.005917159763313609,0.009861932938856016,0.0039447731755424065,0.0019723865877712033,0.007889546351084813,0.009861932938856016,0.029605263157894735,0.013157894736842105,0.006578947368421052,0.003289473684210526,0.006578947368421052,0.003289473684210526,0.013157894736842105,0.006578947368421052,0.0,0.006578947368421052,0.01644736842105263,0.006578947368421052,0.003289473684210526,0.006578947368421052,0.003289473684210526,0.0,0.0,0.0,0.0,0.003289473684210526,0.0,0.0,0.0,0.012987012987012988,0.0,0.006493506493506494,0.006493506493506494,0.0,0.0,0.0
95,201812,0.005249343832020997,0.005249343832020997,0.031496062992125984,0.06824146981627296,0.028871391076115485,0.03674540682414698,0.015748031496062992,0.031496062992125984,0.026246719160104987,0.010498687664041995,0.010498687664041995,0.005249343832020997,0.007874015748031496,0.010498687664041995,0.010498687664041995,0.0026246719160104987,0.005249343832020997,0.007874015748031496,0.005249343832020997,0.007874015748031496,0.0,0.0026246719160104987,0.0,0.0026246719160104987,0.007874015748031496,0.0026246719160104987,0.007874015748031496,0.0026246719160104987,0.0026246719160104987,0.0026246719160104987,0.00816326530612245,0.0163265306122449,0.00816326530612245,0.0,0.0,0.004081632653061225,0.012244897959183673,0.02040816326530612,0.0,0.0,0.00816326530612245,0.004081632653061225,0.0,0.0,0.0,0.0,0.0,0.0,0.004081632653061225,0.004081632653061225,0.0,0.0,0.0,0.0,0.0,0.0,0.0,0.0,0.0,0.0
96,201901,0.0221606648199446,0.019390581717451522,0.04986149584487535,0.060941828254847646,0.024930747922437674,0.030470914127423823,0.024930747922437674,0.024930747922437674,0.01662049861495845,0.0110803324099723,0.008310249307479225,0.008310249307479225,0.0110803324099723,0.002770083102493075,0.0110803324099723,0.008310249307479225,0.0,0.0110803324099723,0.002770083102493075,0.00554016620498615,0.0,0.00554016620498615,0.00554016620498615,0.00554016620498615,0.0,0.0110803324099723,0.00554016620498615,0.008310249307479225,0.00554016620498615,0.00554016620498615,0.03070175438596491,0.013157894736842105,0.013157894736842105,0.0043859649122807015,0.008771929824561403,0.008771929824561403,0.008771929824561403,0.008771929824561403,0.0043859649122807015,0.0043859649122807015,0.0043859649122807015,0.0,0.0,0.008771929824561403,0.008771929824561403,0.0043859649122807015,0.0,0.0,0.0,0.0,0.0,0.0,0.0,0.0,0.0,0.0,0.008264462809917356,0.0,0.008264462809917356,0.0
97,201902,0.016129032258064516,0.016129032258064516,0.06451612903225806,0.08064516129032258,0.021505376344086023,0.053763440860215055,0.026881720430107527,0.016129032258064516,0.021505376344086023,0.010752688172043012,0.026881720430107527,0.0,0.010752688172043012,0.005376344086021506,0.016129032258064516,0.005376344086021506,0.0,0.005376344086021506,0.010752688172043012,0.0,0.0,0.026881720430107527,0.0,0.0,0.0,0.0,0.0,0.010752688172043012,0.005376344086021506,0.005376344086021506,0.02608695652173913,0.043478260869565216,0.008695652173913044,0.0,0.017391304347826087,0.0,0.017391304347826087,0.0,0.0,0.008695652173913044,0.008695652173913044,0.0,0.0,0.0,0.008695652173913044,0.0,0.0,0.0,0.0,0.0,0.0,0.015873015873015872,0.0,0.015873015873015872,0.0,0.0,0.0,0.0,0.0,0.0
98,201903,0.07356948228882834,0.0667574931880109,0.05722070844686648,0.025885558583106268,0.03678474114441417,0.021798365122615803,0.025885558583106268,0.020435967302452316,0.014986376021798364,0.009536784741144414,0.017711171662125342,0.013623978201634877,0.009536784741144414,0.010899182561307902,0.006811989100817439,0.008174386920980926,0.005449591280653951,0.0013623978201634877,0.006811989100817439,0.0013623978201634877,0.01226158038147139,0.005449591280653951,0.0027247956403269754,0.008174386920980926,0.0027247956403269754,0.0027247956403269754,0.008174386920980926,0.004087193460490463,0.005449591280653951,0.0027247956403269754,0.10412147505422993,0.013015184381778741,0.01735357917570499,0.004338394793926247,0.015184381778741865,0.0021691973969631237,0.006507592190889371,0.004338394793926247,0.008676789587852495,0.0021691973969631237,0.0021691973969631237,0.006507592190889371,0.0,0.0021691973969631237,0.008676789587852495,0.0021691973969631237,0.0,0.006507592190889371,0.004338394793926247,0.0021691973969631237,0.0,0.0,0.0,0.0,0.0,0.0,0.0,0.0,0.0,0.0
99,201904,0.0802675585284281,0.07692307692307693,0.046822742474916385,0.03678929765886288,0.013377926421404682,0.016722408026755852,0.016722408026755852,0.0033444816053511705,0.006688963210702341,0.026755852842809364,0.006688963210702341,0.020066889632107024,0.006688963210702341,0.010033444816053512,0.013377926421404682,0.010033444816053512,0.010033444816053512,0.006688963210702341,0.006688963210702341,0.0,0.0,0.013377926421404682,0.0033444816053511705,0.0033444816053511705,0.0,0.006688963210702341,0.006688963210702341,0.0,0.0,0.0,0.11219512195121951,0.00975609756097561,0.00975609756097561,0.004878048780487805,0.004878048780487805,0.00975609756097561,0.00975609756097561,0.0,0.004878048780487805,0.0,0.004878048780487805,0.004878048780487805,0.00975609756097561,0.0,0.0,0.0,0.0,0.0,0.0,0.0,0.0,0.0,0.0,0.0,0.0,0.00819672131147541,0.0,0.0,0.0,0.0
100,201905,0.08300395256916997,0.07114624505928854,0.0691699604743083,0.06521739130434782,0.019762845849802372,0.011857707509881422,0.005928853754940711,0.023715415019762844,0.01383399209486166,0.017786561264822136,0.017786561264822136,0.009881422924901186,0.003952569169960474,0.007905138339920948,0.009881422924901186,0.003952569169960474,0.009881422924901186,0.003952569169960474,0.003952569169960474,0.003952569169960474,0.011857707509881422,0.003952569169960474,0.005928853754940711,0.003952569169960474,0.003952569169960474,0.0,0.009881422924901186,0.003952569169960474,0.009881422924901186,0.005928853754940711,0.11214953271028037,0.024922118380062305,0.006230529595015576,0.009345794392523364,0.018691588785046728,0.009345794392523364,0.0,0.009345794392523364,0.0,0.0,0.006230529595015576,0.003115264797507788,0.0,0.003115264797507788,0.003115264797507788,0.0,0.003115264797507788,0.003115264797507788,0.003115264797507788,0.0,0.0,0.0,0.0,0.012048192771084338,0.006024096385542169,0.0,0.0,0.0,0.0,0.0
101,201906,0.0189873417721519,0.00949367088607595,0.060126582278481014,0.04430379746835443,0.03164556962025317,0.028481012658227847,0.00949367088607595,0.03164556962025317,0.03164556962025317,0.02531645569620253,0.022151898734177215,0.015822784810126583,0.0,0.006329113924050633,0.012658227848101266,0.0031645569620253164,0.0,0.015822784810126583,0.0031645569620253164,0.0031645569620253164,0.015822784810126583,0.0,0.0031645569620253164,0.00949367088607595,0.006329113924050633,0.0,0.00949367088607595,0.0,0.006329113924050633,0.0,0.014423076923076924,0.004807692307692308,0.019230769230769232,0.004807692307692308,0.014423076923076924,0.004807692307692308,0.004807692307692308,0.009615384615384616,0.0,0.004807692307692308,0.009615384615384616,0.0,0.004807692307692308,0.0,0.0,0.0,0.0,0.0,0.014423076923076924,0.0,0.0,0.0,0.00819672131147541,0.0,0.0,0.00819672131147541,0.0,0.0,0.0,0.0
102,201907,0.012012012012012012,0.012012012012012012,0.05105105105105105,0.05105105105105105,0.036036036036036036,0.042042042042042045,0.02702702702702703,0.015015015015015015,0.015015015015015015,0.018018018018018018,0.012012012012012012,0.015015015015015015,0.012012012012012012,0.0,0.009009009009009009,0.006006006006006006,0.006006006006006006,0.003003003003003003,0.003003003003003003,0.015015015015015015,0.0,0.012012012012012012,0.0,0.009009009009009009,0.009009009009009009,0.006006006006006006,0.003003003003003003,0.012012012012012012,0.012012012012012012,0.003003003003003003,0.018691588785046728,0.02336448598130841,0.009345794392523364,0.0,0.009345794392523364,0.0,0.009345794392523364,0.0,0.0,0.0,0.0,0.0,0.004672897196261682,0.009345794392523364,0.0,0.0,0.0,0.0,0.0,0.0,0.0,0.0,0.0,0.0,0.008620689655172414,0.0,0.0,0.0,0.0,0.008620689655172414
103,201908,0.006896551724137931,0.0034482758620689655,0.06896551724137931,0.05172413793103448,0.034482758620689655,0.05517241379310345,0.04827586206896552,0.02413793103448276,0.03103448275862069,0.020689655172413793,0.010344827586206896,0.013793103448275862,0.017241379310344827,0.0,0.006896551724137931,0.0034482758620689655,0.006896551724137931,0.017241379310344827,0.0034482758620689655,0.0034482758620689655,0.0034482758620689655,0.0034482758620689655,0.0034482758620689655,0.020689655172413793,0.013793103448275862,0.0034482758620689655,0.010344827586206896,0.0034482758620689655,0.0034482758620689655,0.0034482758620689655,0.0055248618784530384,0.027624309392265192,0.0055248618784530384,0.0055248618784530384,0.011049723756906077,0.0,0.011049723756906077,0.0,0.011049723756906077,0.011049723756906077,0.0055248618784530384,0.0,0.0055248618784530384,0.0055248618784530384,0.0,0.0,0.0,0.0,0.011049723756906077,0.011049723756906077,0.0,0.0,0.0,0.0,0.0,0.009900990099009901,0.0,0.0,0.009900990099009901,0.009900990099009901
104,201909,0.04065040650406504,0.036585365853658534,0.06504065040650407,0.036585365853658534,0.028455284552845527,0.024390243902439025,0.028455284552845527,0.016260162601626018,0.02032520325203252,0.0040650406504065045,0.024390243902439025,0.016260162601626018,0.0040650406504065045,0.008130081300813009,0.0040650406504065045,0.008130081300813009,0.0,0.0040650406504065045,0.008130081300813009,0.0040650406504065045,0.0040650406504065045,0.0,0.0,0.012195121951219513,0.0,0.012195121951219513,0.0040650406504065045,0.008130081300813009,0.0040650406504065045,0.0040650406504065045,0.059602649006622516,0.013245033112582781,0.013245033112582781,0.0,0.006622516556291391,0.006622516556291391,0.006622516556291391,0.0,0.013245033112582781,0.0,0.0,0.0,0.013245033112582781,0.013245033112582781,0.006622516556291391,0.0,0.006622516556291391,0.0,0.013245033112582781,0.0,0.02857142857142857,0.0,0.0,0.0,0.0,0.0,0.0,0.014285714285714285,0.014285714285714285,0.0
105,201910,0.019417475728155338,0.014563106796116505,0.05825242718446602,0.05825242718446602,0.04854368932038835,0.009708737864077669,0.014563106796116505,0.019417475728155338,0.03398058252427184,0.02912621359223301,0.014563106796116505,0.0048543689320388345,0.014563106796116505,0.009708737864077669,0.0048543689320388345,0.009708737864077669,0.0048543689320388345,0.0048543689320388345,0.014563106796116505,0.0048543689320388345,0.0,0.0048543689320388345,0.0,0.0048543689320388345,0.0,0.0048543689320388345,0.0,0.0,0.009708737864077669,0.0,0.022727272727272728,0.0,0.030303030303030304,0.0,0.0,0.007575757575757576,0.007575757575757576,0.0,0.0,0.007575757575757576,0.015151515151515152,0.007575757575757576,0.0,0.007575757575757576,0.015151515151515152,0.0,0.0,0.0,0.0,0.0,0.0,0.013888888888888888,0.0,0.0,0.0,0.0,0.013888888888888888,0.0,0.0,0.0
106,201911,0.00558659217877095,0.00558659217877095,0.09497206703910614,0.03910614525139665,0.027932960893854747,0.0111731843575419,0.027932960893854747,0.0335195530726257,0.03910614525139665,0.0223463687150838,0.0,0.0,0.01675977653631285,0.0,0.00558659217877095,0.00558659217877095,0.00558659217877095,0.0,0.00558659217877095,0.0111731843575419,0.0,0.0111731843575419,0.0,0.027932960893854747,0.00558659217877095,0.0111731843575419,0.0,0.0,0.00558659217877095,0.0111731843575419,0.00909090909090909,0.01818181818181818,0.01818181818181818,0.0,0.0,0.0,0.0,0.00909090909090909,0.03636363636363636,0.0,0.0,0.0,0.0,0.02727272727272727,0.0,0.0,0.0,0.0,0.0,0.01818181818181818,0.0,0.0,0.0,0.0,0.017543859649122806,0.0,0.0,0.0,0.0,0.0
107,201912,0.06995230524642289,0.06518282988871224,0.05405405405405406,0.0492845786963434,0.02384737678855326,0.03656597774244833,0.019077901430842606,0.02066772655007949,0.01589825119236884,0.009538950715421303,0.006359300476947536,0.009538950715421303,0.003179650238473768,0.01589825119236884,0.0047694753577106515,0.0047694753577106515,0.011128775834658187,0.0047694753577106515,0.00794912559618442,0.009538950715421303,0.00794912559618442,0.00794912559618442,0.003179650238473768,0.006359300476947536,0.0047694753577106515,0.003179650238473768,0.0047694753577106515,0.0047694753577106515,0.00794912559618442,0.011128775834658187,0.10148514851485149,0.027227722772277228,0.009900990099009901,0.0049504950495049506,0.0049504950495049506,0.0024752475247524753,0.009900990099009901,0.0024752475247524753,0.0049504950495049506,0.0024752475247524753,0.0024752475247524753,0.007425742574257425,0.0,0.0,0.0049504950495049506,0.0,0.0,0.0024752475247524753,0.0,0.0,0.0,0.0,0.004694835680751174,0.0,0.004694835680751174,0.0,0.0,0.0,0.0,0.0
108,202001,0.016194331983805668,0.016194331983805668,0.06477732793522267,0.048582995951417005,0.032388663967611336,0.044534412955465584,0.012145748987854251,0.016194331983805668,0.024291497975708502,0.008097165991902834,0.012145748987854251,0.016194331983805668,0.020242914979757085,0.012145748987854251,0.004048582995951417,0.024291497975708502,0.004048582995951417,0.008097165991902834,0.004048582995951417,0.012145748987854251,0.004048582995951417,0.004048582995951417,0.0,0.016194331983805668,0.012145748987854251,0.004048582995951417,0.0,0.004048582995951417,0.004048582995951417,0.012145748987854251,0.0196078431372549,0.013071895424836602,0.013071895424836602,0.0,0.006535947712418301,0.0,0.0,0.006535947712418301,0.013071895424836602,0.0,0.0,0.0,0.006535947712418301,0.006535947712418301,0.0,0.0,0.0,0.0,0.0,0.0,0.0125,0.0,0.0,0.0,0.0,0.0,0.0,0.0,0.0,0.0
109,202002,0.02962962962962963,0.022222222222222223,0.05925925925925926,0.044444444444444446,0.0,0.044444444444444446,0.014814814814814815,0.014814814814814815,0.007407407407407408,0.02962962962962963,0.014814814814814815,0.014814814814814815,0.0,0.02962962962962963,0.022222222222222223,0.0,0.0,0.007407407407407408,0.0,0.007407407407407408,0.0,0.0,0.0,0.007407407407407408,0.014814814814814815,0.0,0.014814814814814815,0.0,0.007407407407407408,0.007407407407407408,0.03614457831325301,0.03614457831325301,0.0,0.0,0.012048192771084338,0.024096385542168676,0.0,0.012048192771084338,0.0,0.0,0.012048192771084338,0.012048192771084338,0.0,0.0,0.0,0.0,0.012048192771084338,0.0,0.0,0.0,0.0,0.0,0.0,0.0,0.0,0.0,0.0,0.0,0.0,0.0
110,202003,0.0,0.0,0.06299212598425197,0.047244094488188976,0.015748031496062992,0.03937007874015748,0.023622047244094488,0.007874015748031496,0.031496062992125984,0.007874015748031496,0.015748031496062992,0.015748031496062992,0.007874015748031496,0.0,0.015748031496062992,0.0,0.023622047244094488,0.0,0.0,0.015748031496062992,0.0,0.0,0.0,0.015748031496062992,0.007874015748031496,0.0,0.0,0.0,0.007874015748031496,0.007874015748031496,0.0,0.011494252873563218,0.011494252873563218,0.0,0.011494252873563218,0.011494252873563218,0.0,0.0,0.011494252873563218,0.0,0.011494252873563218,0.0,0.0,0.011494252873563218,0.0,0.0,0.0,0.0,0.0,0.0,0.0,0.0,0.0,0.017857142857142856,0.017857142857142856,0.0,0.0,0.0,0.0,0.0
111,202004,0.013986013986013986,0.013986013986013986,0.07692307692307693,0.055944055944055944,0.04195804195804196,0.03496503496503497,0.013986013986013986,0.04895104895104895,0.013986013986013986,0.013986013986013986,0.006993006993006993,0.02097902097902098,0.006993006993006993,0.0,0.013986013986013986,0.006993006993006993,0.0,0.013986013986013986,0.0,0.013986013986013986,0.0,0.0,0.0,0.02097902097902098,0.013986013986013986,0.0,0.0,0.013986013986013986,0.0,0.013986013986013986,0.02197802197802198,0.02197802197802198,0.01098901098901099,0.0,0.0,0.02197802197802198,0.0,0.0,0.03296703296703297,0.01098901098901099,0.0,0.0,0.0,0.01098901098901099,0.02197802197802198,0.0,0.0,0.0,0.01098901098901099,0.0,0.0,0.0,0.0,0.0,0.0,0.0,0.0,0.0,0.0,0.021739130434782608
112,202005,0.016129032258064516,0.008064516129032258,0.08064516129032258,0.08870967741935484,0.03225806451612903,0.03225806451612903,0.016129032258064516,0.0,0.024193548387096774,0.008064516129032258,0.008064516129032258,0.016129032258064516,0.008064516129032258,0.008064516129032258,0.0,0.008064516129032258,0.008064516129032258,0.008064516129032258,0.0,0.0,0.0,0.0,0.008064516129032258,0.008064516129032258,0.0,0.0,0.008064516129032258,0.0,0.0,0.0,0.0125,0.0625,0.025,0.0125,0.0125,0.0,0.0,0.0,0.0,0.0,0.0125,0.0,0.0,0.0125,0.0,0.0125,0.0,0.0,0.0,0.0,0.0,0.0,0.0,0.0,0.023255813953488372,0.0,0.023255813953488372,0.0,0.0,0.0
113,202006,0.0091324200913242,0.0091324200913242,0.0410958904109589,0.0776255707762557,0.0182648401826484,0.0365296803652968,0.0182648401826484,0.0091324200913242,0.0319634703196347,0.0182648401826484,0.0091324200913242,0.0182648401826484,0.0,0.0136986301369863,0.0045662100456621,0.0045662100456621,0.0,0.0136986301369863,0.0,0.0091324200913242,0.0,0.0091324200913242,0.0,0.0045662100456621,0.0182648401826484,0.0091324200913242,0.0091324200913242,0.0091324200913242,0.0091324200913242,0.0,0.014598540145985401,0.0072992700729927005,0.0,0.0,0.0,0.0,0.0,0.0,0.0,0.0072992700729927005,0.021897810218978103,0.0072992700729927005,0.0,0.0,0.0,0.0072992700729927005,0.0,0.0,0.0,0.0072992700729927005,0.0,0.0,0.0,0.029850746268656716,0.0,0.0,0.0,0.0,0.0,0.0
114,202007,0.013422818791946308,0.006711409395973154,0.04697986577181208,0.053691275167785234,0.013422818791946308,0.053691275167785234,0.04697986577181208,0.0,0.020134228187919462,0.013422818791946308,0.0,0.013422818791946308,0.013422818791946308,0.026845637583892617,0.0,0.013422818791946308,0.0,0.0,0.006711409395973154,0.013422818791946308,0.0,0.013422818791946308,0.0,0.020134228187919462,0.006711409395973154,0.020134228187919462,0.0,0.006711409395973154,0.006711409395973154,0.0,0.01020408163265306,0.02040816326530612,0.0,0.0,0.0,0.0,0.0,0.0,0.01020408163265306,0.0,0.01020408163265306,0.030612244897959183,0.0,0.0,0.0,0.0,0.01020408163265306,0.0,0.0,0.0,0.0,0.0,0.017543859649122806,0.0,0.0,0.0,0.0,0.0,0.017543859649122806,0.0
115,202008,0.02112676056338028,0.014084507042253521,0.04929577464788732,0.04929577464788732,0.014084507042253521,0.035211267605633804,0.035211267605633804,0.02112676056338028,0.028169014084507043,0.007042253521126761,0.035211267605633804,0.014084507042253521,0.02112676056338028,0.02112676056338028,0.0,0.014084507042253521,0.007042253521126761,0.014084507042253521,0.007042253521126761,0.007042253521126761,0.0,0.0,0.0,0.014084507042253521,0.0,0.0,0.007042253521126761,0.0,0.007042253521126761,0.014084507042253521,0.023809523809523808,0.023809523809523808,0.0,0.0,0.011904761904761904,0.0,0.0,0.023809523809523808,0.011904761904761904,0.0,0.0,0.0,0.0,0.0,0.0,0.0,0.0,0.0,0.0,0.011904761904761904,0.0,0.0,0.0,0.0,0.0,0.0,0.0,0.0,0.0,0.0
116,202009,0.0041841004184100415,0.0041841004184100415,0.05439330543933055,0.04184100418410042,0.03347280334728033,0.016736401673640166,0.012552301255230125,0.02510460251046025,0.02092050209205021,0.008368200836820083,0.0041841004184100415,0.02092050209205021,0.029288702928870293,0.02510460251046025,0.008368200836820083,0.008368200836820083,0.012552301255230125,0.008368200836820083,0.0041841004184100415,0.0041841004184100415,0.0041841004184100415,0.0041841004184100415,0.0,0.016736401673640166,0.008368200836820083,0.008368200836820083,0.016736401673640166,0.008368200836820083,0.0,0.008368200836820083,0.006493506493506494,0.006493506493506494,0.006493506493506494,0.0,0.0,0.006493506493506494,0.0,0.012987012987012988,0.012987012987012988,0.006493506493506494,0.0,0.0,0.006493506493506494,0.0,0.006493506493506494,0.0,0.0,0.0,0.006493506493506494,0.0,0.0,0.0,0.0,0.0,0.0,0.0,0.0,0.011494252873563218,0.0,0.011494252873563218
117,202010,0.0,0.0,0.09937888198757763,0.08074534161490683,0.024844720496894408,0.08695652173913043,0.012422360248447204,0.006211180124223602,0.006211180124223602,0.018633540372670808,0.018633540372670808,0.012422360248447204,0.0,0.0,0.024844720496894408,0.006211180124223602,0.012422360248447204,0.006211180124223602,0.0,0.006211180124223602,0.0,0.012422360248447204,0.0,0.012422360248447204,0.006211180124223602,0.0,0.006211180124223602,0.012422360248447204,0.0,0.0,0.0,0.052083333333333336,0.020833333333333332,0.0,0.0,0.03125,0.020833333333333332,0.0,0.010416666666666666,0.0,0.010416666666666666,0.0,0.020833333333333332,0.0,0.0,0.010416666666666666,0.0,0.0,0.010416666666666666,0.0,0.0,0.0,0.0,0.0,0.0,0.0,0.0,0.0,0.0,0.0
118,202011,0.0,0.0,0.05555555555555555,0.05555555555555555,0.018518518518518517,0.037037037037037035,0.0,0.018518518518518517,0.037037037037037035,0.037037037037037035,0.018518518518518517,0.0,0.018518518518518517,0.0,0.018518518518518517,0.0,0.0,0.018518518518518517,0.0,0.0,0.0,0.0,0.0,0.0,0.0,0.0,0.0,0.0,0.018518518518518517,0.018518518518518517,0.0,0.03225806451612903,0.0,0.0,0.0,0.03225806451612903,0.0,0.03225806451612903,0.0,0.0,0.0,0.0,0.0,0.0,0.0,0.0,0.0,0.0,0.0,0.0,0.0,0.0,0.06666666666666667,0.0,0.0,0.0,0.0,0.0,0.0,0.0
