,yyyymm,length,word_count,post_count
0,201105,99,18,1
1,201106,41,7,1
2,201107,162,25,3
3,201109,116,19,3
4,201110,826,151,5
5,201111,214,43,2
6,201112,1028,189,6
7,201201,3965,716,17
8,201202,2636,491,6
9,201203,2246,426,1
10,201204,1874,342,8
11,201205,1379,252,8
12,201206,2577,448,11
13,201207,7772,1372,16
14,201208,4160,735,13
15,201209,4330,594,8
16,201210,3047,565,13
17,201211,4554,838,19
18,201212,3295,585,10
19,201301,6046,1066,15
20,201302,10094,1878,25
21,201303,5985,1029,22
22,201304,4451,811,26
23,201305,4488,730,35
24,201306,8555,1511,32
25,201307,4041,718,16
26,201308,8078,1403,33
27,201309,7343,1262,46
28,201310,24886,4434,69
29,201311,17184,3090,41
30,201312,24253,4445,59
31,201401,18209,3137,49
32,201402,28439,5005,66
33,201403,23797,4308,51
34,201504,1129,212,1
35,201505,1761,324,3
36,201506,2296,412,10
37,201509,187883,33635,574
38,201510,244640,43506,740
39,201511,370171,65415,1002
40,201512,446279,79716,1105
41,201601,329384,58564,872
42,201602,373010,66095,966
43,201603,393510,69959,1137
44,201604,335866,59943,950
45,201605,442787,77114,1322
46,201606,1147556,202001,4051
47,201607,1339922,235213,4175
48,201608,1133033,198871,3259
49,201609,807006,144313,2225
50,201610,635540,113441,1995
51,201611,561834,100402,1956
52,201612,865776,152931,3196
53,201701,827124,145619,2862
54,201702,1169932,199856,3886
55,201703,2618616,456565,7138
56,201704,1893977,329682,5370
57,201705,1465145,256737,4358
58,201706,1282392,227580,4062
59,201707,1307738,226762,4299
60,201708,1552670,269980,5474
61,201709,938885,163650,3356
62,201710,828973,143867,2861
63,201711,866024,149491,2923
64,201712,772400,134146,2743
65,201801,786905,136158,2672
66,201802,682230,119352,2297
67,201803,595333,102040,2360
68,201804,956450,166725,3409
69,201805,1131159,197884,2767
70,201806,989758,173208,2449
71,201807,1151379,199451,2685
72,201808,422082,73941,1057
73,201809,1117365,193059,2652
74,201810,1452461,253358,3273
75,201811,1762362,300899,3679
76,201812,1836302,320569,4257
77,201901,1977413,344792,4784
78,201902,1585547,277271,3979
79,201903,1560804,272055,4149
80,201904,1362411,234782,3171
81,201905,1633830,282562,4157
82,201906,1898983,334383,4944
83,201907,6025486,1045121,14071
84,201908,3517243,611253,8289
85,201909,2647457,463521,6427
86,201910,2203951,385354,5402
87,201911,2522661,428500,5902
88,201912,3165548,552185,7412
89,202001,2757143,479265,6483
90,202002,2260810,400565,5255
91,202003,1966395,348157,4991
92,202004,2252826,396928,6343
93,202005,3033059,534777,7592
94,202006,2056459,359785,5953
95,202007,1767047,309048,5491
96,202008,1761094,310952,4914
97,202009,1694973,302102,4789
