,yyyymm,ret_next_1_amd,direction_up_next_1_amd,volume_next_1_amd,volume_large_next_1_amd,ret_next_1_intel,direction_up_next_1_intel,volume_next_1_intel,volume_large_next_1_intel
0,198002,0.004098097823200364,True,8668800.0,False,-0.0080965128530881,False,252595200.0,False
1,198003,0.24081661920870112,True,6700800.0,False,0.11020528485242775,True,191712000.0,False
2,198004,-0.03947368005540208,False,5402400.0,False,-0.03309008670811331,False,214003200.0,False
3,198005,0.3595890016888763,True,9615600.0,False,0.2889737980928573,True,288806400.0,False
4,198006,0.032745428091048856,True,8973600.0,False,0.032449428627052024,True,274444800.0,False
5,198007,0.21219513851279137,True,10645200.0,False,0.017141454355274144,True,179904000.0,False
6,198008,-0.07444655610118689,False,7484400.0,False,-0.056178753440996765,False,218707200.0,False
7,198009,0.452173742457479,True,7952000.0,False,0.10714153355816625,True,189840000.0,False
8,198010,-0.17365265502527694,False,11304000.0,False,-0.13440784628774183,False,309139200.0,False
9,198011,-0.3152173913043478,False,12359200.0,False,-0.07453584286913117,False,211804800.0,False
10,198012,-0.015873015873015928,False,8503600.0,False,-0.060402067585129116,False,319046400.0,False
11,198101,0.12365599999999977,True,6645200.0,False,0.035715874018269256,True,290102400.0,False
12,198102,0.047846809734215734,True,12047600.0,False,0.0413802283491278,True,286550400.0,False
13,198103,0.041095890410958846,True,4674800.0,False,0.08608973883212512,True,220483200.0,False
14,198104,-0.1754385263157895,False,6566800.0,False,-0.12194908980467345,False,214953600.0,False
15,198105,-0.14893632775009968,False,4815600.0,False,-0.06250351301219714,False,189408000.0,False
16,198106,-0.08124990812499089,False,4184400.0,False,-0.17037084864892293,False,163324800.0,False
17,198107,-0.11564636734693878,False,6109600.0,False,-0.13392370723680536,False,278121600.0,False
18,198108,0.21538488804737077,True,6018800.0,False,0.17525594531275068,True,256646400.0,False
19,198109,-0.13924069476043588,False,4124000.0,False,-0.1228078798901141,False,213916800.0,False
20,198110,0.03676482785468549,True,4038800.0,False,-0.09999813215617681,False,280924800.0,False
21,198111,0.11347506382978723,True,5157600.0,False,0.1555495600199237,True,375302400.0,False
22,198112,-0.0445858898941035,False,5762800.0,False,-0.01922927255637963,False,238080000.0,False
23,198201,0.19999999999999996,True,11048000.0,False,0.12745307492751423,True,345552000.0,False
24,198202,0.11111119999999985,True,8981200.0,False,0.09564981998321631,True,517612800.0,False
25,198203,-0.05999999520000032,False,8175600.0,False,-0.03967940228885414,False,384432000.0,False
26,198204,0.03191489090086019,True,6122800.0,False,0.03305512961686086,True,335548800.0,False
27,198205,0.04123694505262332,True,9365600.0,False,0.032002430690455386,True,387024000.0,False
28,198206,0.19801997608078992,True,17877200.0,False,0.1395330878271741,True,850387200.0,True
29,198207,-0.1198347689365441,False,12228800.0,False,-0.10884324928738132,False,821433600.0,True
30,198208,0.3380281690140845,True,14439200.0,False,0.13358649829137414,True,657244800.0,True
31,198209,0.05263157894736836,True,8341200.0,False,0.03030480902268251,True,709046400.0,True
32,198210,0.004999999999999893,True,8985600.0,False,0.013070831536026173,True,789628800.0,True
33,198211,0.4328358208955223,True,19690400.0,False,0.10967664189596293,True,698688000.0,True
34,198212,0.01388888888888884,True,12504800.0,False,0.08139610648171614,True,500918400.0,False
35,198301,-0.0821917808219178,False,15971600.0,False,0.037634732543348814,True,512179200.0,False
36,198302,0.13432835820895517,True,13498000.0,False,0.025907872367194162,True,400540800.0,False
37,198303,0.2763157894736843,True,13542800.0,False,0.15656543422616642,True,519955200.0,False
38,198304,0.3298969072164948,True,11454800.0,False,0.3013072179747909,True,576096000.0,True
39,198305,-0.07751937984496127,False,9785200.0,False,0.08053887586549835,True,699875200.0,True
40,198306,0.0672268907563025,True,11760600.0,False,0.018632027132067686,True,582249600.0,True
41,198307,-0.08661417322834641,False,13409400.0,False,0.006098973064292412,True,511913600.0,False
42,198308,0.034482758620689724,True,14278800.0,False,-0.08484914805583887,False,527520000.0,False
43,198309,0.1333333333333333,True,11155200.0,False,0.10595999183590998,True,516496000.0,False
44,198310,-0.011029411764705843,False,10764600.0,False,0.005987543969860898,True,351932800.0,False
45,198311,-0.14498141263940523,False,18691000.0,False,-0.1249993051167495,False,604444800.0,True
46,198312,-0.017391304347826098,False,15748200.0,False,0.013604347292048624,True,823686400.0,True
47,198401,0.008849557522123908,True,12896600.0,False,-0.03355647206796131,False,484224000.0,False
48,198402,0.20614035087719307,True,20023200.0,False,-0.027777717726157336,False,488864000.0,False
49,198403,-0.07999999999999996,False,15548000.0,False,-0.1178566028337884,False,515296000.0,False
50,198404,-0.02766798418972327,False,18036600.0,False,-0.020243802840333336,False,511561600.0,False
51,198405,-0.05691056910569103,False,16925200.0,False,0.00826637645587791,True,557862400.0,True
52,198406,0.35775862068965525,True,29320000.0,False,0.18032590279053617,True,692915200.0,True
53,198407,-0.11746031746031749,False,18816800.0,False,-0.1388885886307869,False,543680000.0,True
54,198408,-0.07913669064748197,False,27297400.0,False,-0.10483781883912424,False,770940800.0,True
55,198409,-0.1328125,False,22010200.0,False,0.027027633420368513,True,512102400.0,False
56,198410,0.06306306306306309,True,18267200.0,False,-0.017545153168504468,False,509859200.0,False
57,198411,0.19067796610169485,True,25653400.0,False,0.09821470760729678,True,649718400.0,True
58,198412,-0.053380782918149516,False,14944400.0,False,-0.08943124411553294,False,499766400.0,False
59,198501,0.003759398496240518,True,17758000.0,False,-0.008927851728728897,False,520684800.0,False
60,198502,-0.16479400749063666,False,14843600.0,False,-0.009008276283721584,False,411059200.0,False
61,198503,-0.04932735426008972,False,17080800.0,False,-0.04091139355141793,False,555174400.0,True
62,198504,-0.018867924528301883,False,23443200.0,False,-0.014216876713298854,False,881836800.0,True
63,198505,0.14423076923076916,True,19431600.0,False,0.08653745416448388,True,732256000.0,True
64,198506,-0.10924369747899154,False,12519000.0,False,-0.07964516440073277,False,429385600.0,False
65,198507,-0.009433962264150941,False,13307200.0,False,-0.009614607498316219,False,501689600.0,False
66,198508,-0.10952380952380958,False,19180200.0,False,-0.009710967983727503,False,781289600.0,True
67,198509,0.19251336898395732,True,19094600.0,False,0.11764993132916235,True,759020800.0,True
68,198510,0.04035874439461873,True,18101000.0,False,0.02631363360804806,True,613526400.0,True
69,198511,-0.05603448275862066,False,14869600.0,False,-0.034187965963696776,False,922022400.0,True
70,198512,0.13698630136986312,True,21612800.0,False,-0.01769770100692858,False,1237056000.0,True
71,198601,-0.08433734939759041,False,13787400.0,False,-0.06306354312445839,False,837328000.0,True
72,198602,-0.004385964912280715,False,18287400.0,False,0.09615505500261912,True,932713600.0,True
73,198603,-0.06167400881057272,False,15569000.0,False,-0.0438615175396917,False,575878400.0,True
74,198604,-0.24882629107981225,False,17810400.0,False,-0.15596225466675806,False,665638400.0,True
75,198605,-0.21250000000000002,False,23084800.0,False,-0.20652188625104906,False,876585600.0,True
76,198606,0.23015873015873023,True,15832800.0,False,0.260274206273055,True,605875200.0,True
77,198607,-0.18709677419354842,False,17338600.0,False,-0.1521750900083918,False,675587200.0,True
78,198608,-0.12698412698412698,False,14083400.0,False,0.03846245949009397,True,710627200.0,True
79,198609,0.13636363636363646,True,10927000.0,False,0.13580303851371878,True,445084800.0,False
80,198610,-0.12,False,10165000.0,False,-0.0869562274979021,False,667625600.0,True
81,198611,0.2727272727272727,True,26551600.0,False,0.48809250268687676,True,1794550400.0,True
82,198612,0.24285714285714288,True,36902000.0,False,0.21600021916061496,True,1742361600.0,True
83,198701,-0.08620689655172409,False,21468600.0,False,0.03289415745202895,True,1420502400.0,True
84,198702,0.1132075471698113,True,28259400.0,False,0.19745243137348223,True,1599945600.0,True
85,198703,-0.02259887005649719,False,20350400.0,False,-0.06648904461636285,False,906224000.0,True
86,198704,-0.12138728323699421,False,20074000.0,False,0.002848775434544759,True,1201334400.0,True
87,198705,-0.046052631578947345,False,19259200.0,False,0.08522756417626387,True,1034198400.0,True
88,198706,0.21379310344827585,True,34374400.0,False,0.10471345843228086,True,1222412800.0,True
89,198707,0.0,False,19773000.0,False,0.09478641520123587,True,1329244800.0,True
90,198708,-0.4772727272727273,False,48820400.0,False,-0.32467602475364943,False,2649120000.0,True
91,198709,-0.19565217391304346,False,18541400.0,False,-0.17307707658168225,False,1339526400.0,True
92,198710,0.06756756756756754,True,25248400.0,False,0.23255892524029798,True,1350620800.0,True
93,198711,-0.025316455696202556,False,16399600.0,False,-0.03773477774797407,False,1298822400.0,True
94,198712,0.24675324675324672,True,19525000.0,False,0.10784249892161579,True,1054080000.0,True
95,198801,-0.08333333333333337,False,20645000.0,False,0.03982346394160996,True,1543497600.0,True
96,198802,0.3068181818181819,True,31181200.0,False,0.055318186876171405,True,951699200.0,True
97,198803,0.04347826086956519,True,25653400.0,False,-0.008063868246635852,False,737900800.0,True
98,198804,0.10000000000000009,True,30227000.0,False,0.17479608950801628,True,1314406400.0,True
99,198805,-0.18939393939393945,False,22379200.0,False,-0.03806209488737633,False,922579200.0,True
100,198806,-0.14953271028037385,False,17445600.0,False,-0.19424536696946348,False,1209648000.0,True
101,198807,-0.18681318681318682,False,19490800.0,False,-0.017855720000963693,False,1275398400.0,True
102,198808,-0.027027027027026973,False,24482800.0,False,-0.10000132069740353,False,1581792000.0,True
103,198809,-0.16666666666666663,False,15584000.0,False,-0.19191857783740718,False,1653020800.0,True
104,198810,0.1499999999999999,True,22491200.0,False,0.1875004864179146,True,1055660800.0,True
105,198811,0.05797101449275366,True,23549000.0,False,0.0947357383008518,True,1333001600.0,True
106,198812,-0.09589041095890416,False,12494200.0,False,-0.009614617091588396,False,979574400.0,True
107,198901,0.030303030303030276,True,8954400.0,False,0.019417925665029312,True,874675200.0,True
108,198902,0.044117647058823595,True,9246000.0,False,0.10476132120783266,True,1140284800.0,True
109,198903,0.16901408450704225,True,18417400.0,False,0.12068888399861888,True,942182400.0,True
110,198904,-0.06024096385542166,False,15983600.0,False,-0.10769169367327058,False,1082278400.0,True
111,198905,-0.11538461538461542,False,12169400.0,False,0.05172355183895028,True,849689600.0,True
112,198906,0.0,False,6993400.0,False,-0.016392131912772778,False,1310659200.0,True
113,198907,0.02898550724637672,True,9522800.0,False,0.074999092020678,True,826406400.0,True
114,198908,-0.11267605633802813,False,9599600.0,False,0.04651110410378845,True,1284700800.0,True
115,198909,-0.04761904761904767,False,7268200.0,False,0.029630335658788365,True,816787200.0,True
116,198910,0.050000000000000044,True,12496200.0,False,-0.007195157639498628,False,854627200.0,True
117,198911,-0.07936507936507942,False,16370400.0,False,0.14492801573682912,True,1625068800.0,True
118,198912,0.13793103448275867,True,12515200.0,False,0.018987133934494027,True,905728000.0,True
119,199001,0.10606060606060597,True,22295600.0,False,0.037267969475095475,True,1354588800.0,True
120,199002,-0.04109589041095896,False,12156600.0,False,-0.05389283322003657,False,1090665600.0,True
121,199003,0.19999999999999996,True,34041800.0,False,0.22151962748175835,True,1603756800.0,True
122,199004,-0.09523809523809523,False,24349800.0,False,-0.02590679703940757,False,907753600.0,True
123,199005,-0.26315789473684215,False,17514600.0,False,-0.053191618544649044,False,1415872000.0,True
124,199006,-0.2321428571428571,False,26597000.0,False,-0.24999970851361752,False,1970364800.0,True
125,199007,-0.046511627906976716,False,11073400.0,False,-0.00374657017823421,False,1079324800.0,True
126,199008,-0.24390243902439024,False,16339400.0,False,0.007519759068105314,True,1356022400.0,True
127,199009,0.12903225806451624,True,11700000.0,False,0.11940266144620115,True,897820800.0,True
128,199010,0.11428571428571432,True,18411800.0,False,0.02666729389366851,True,874662400.0,True
129,199011,0.4871794871794872,True,33820400.0,False,0.18831128576665135,True,1716937600.0,True
130,199012,0.1206896551724137,True,33392000.0,False,0.04371572924758893,True,1227955200.0,True
131,199101,0.2923076923076924,True,59351000.0,False,-0.02094289762602275,False,1613091200.0,True
132,199102,0.16666666666666674,True,64158600.0,False,0.05347721183790255,True,1460339200.0,True
133,199103,0.1020408163265305,True,37448000.0,False,0.13197847081244363,True,1573110400.0,True
134,199104,-0.11111111111111116,False,26617400.0,False,-0.1659190321079571,False,1910780800.0,True
135,199105,-0.07291666666666663,False,38702800.0,False,0.01075294012630823,True,1601216000.0,True
136,199106,0.1123595505617978,True,43345400.0,False,0.05319051461764923,True,1278780800.0,True
137,199107,-0.24242424242424243,False,26168400.0,False,-0.14646346065154503,False,1657193600.0,True
138,199108,0.3600000000000001,True,55386000.0,False,-0.03846210524764582,False,1391708800.0,True
139,199109,0.12745098039215685,True,54461400.0,False,0.009231303672597724,True,1100080000.0,True
140,199110,0.21739130434782616,True,52926600.0,False,0.1951213339137654,True,1043036800.0,True
141,199111,0.07857142857142851,True,97462400.0,False,0.22193891597240145,True,2359977600.0,True
142,199112,-0.026490066225165587,False,56985800.0,False,0.060542251153375526,True,1361203200.0,True
143,199201,-0.03401360544217691,False,41691200.0,False,-0.12992066150816672,False,1698380800.0,True
144,199202,0.007042253521126751,True,48861200.0,False,-0.031674467349821156,False,1772044800.0,True
145,199203,-0.11888111888111885,False,40030200.0,False,-0.0654211136272167,False,1200016000.0,True
146,199204,-0.4444444444444444,False,56522800.0,False,0.14000022829225967,True,1387920000.0,True
147,199205,0.014285714285714235,True,45216200.0,False,0.04824630071946645,True,1166182400.0,True
148,199206,0.14084507042253525,True,27352600.0,False,-0.029288942727261014,False,789286400.0,True
149,199207,0.11111111111111116,True,39491600.0,False,0.1336197719583565,True,1204592000.0,True
150,199208,0.46666666666666656,True,65815800.0,False,0.02661700473866313,True,1556710400.0,True
151,199209,0.08333333333333326,True,38466200.0,False,0.06084175977063189,True,1046403200.0,True
152,199210,0.013986013986013957,True,50736400.0,False,0.21678291276543038,True,1923811200.0,True
153,199211,0.034482758620689724,True,52435400.0,False,0.2270125004168393,True,2980275200.0,True
154,199212,0.15999999999999992,True,48130200.0,False,0.09230502682080854,True,2405235200.0,True
155,199301,0.05747126436781613,True,34348200.0,False,-0.012876301136878543,False,2026496000.0,True
156,199302,0.22282608695652173,True,74724600.0,False,-0.17282601993119817,False,3788163200.0,True
157,199303,0.01777777777777767,True,36925000.0,False,0.16683226609669988,True,1689148800.0,True
158,199304,-0.15720524017467252,False,71452800.0,False,-0.007891373071866714,False,1431424000.0,True
159,199305,-0.010362694300518172,False,28584600.0,False,-0.04999988248814913,False,1232262400.0,True
160,199306,0.3560209424083769,True,47712800.0,False,0.2308550952884929,True,1492656000.0,True
161,199307,-0.1853281853281853,False,50158600.0,False,0.10116744812770917,True,1282339200.0,True
162,199308,-0.2511848341232228,False,81051800.0,False,-0.10600708132720671,False,2020817600.0,True
163,199309,-0.03797468354430378,False,35572000.0,False,-0.026900319731474553,False,1562139200.0,True
164,199310,-0.06578947368421051,False,30406400.0,False,0.008129907307978357,True,1491811200.0,True
165,199311,0.15492957746478875,True,42992400.0,False,0.05241949078993868,True,1974097600.0,True
166,199312,0.04878048780487809,True,25643400.0,False,0.05445029408379587,True,1389000000.0,True
167,199401,0.4534883720930232,True,107034800.0,False,-0.01818208415431033,False,1662636800.0,True
168,199402,-0.15600000000000003,False,50297200.0,False,-0.09629551524570434,False,1856948800.0,True
169,199403,0.023696682464454888,True,32379600.0,False,0.025440731719071463,True,1274883200.0,True
170,199404,-0.07407407407407407,False,35807200.0,False,-0.06400025065157045,False,1182070400.0,True
171,199405,0.08000000000000007,True,26277800.0,False,0.012820896797704817,True,1286740800.0,True
172,199406,0.07407407407407418,True,25940800.0,False,0.11085680937473241,True,1555363200.0,True
173,199407,0.02586206896551735,True,32271200.0,False,-0.06463863442140305,False,1301622400.0,True
174,199408,-0.11344537815126055,False,83515000.0,False,0.010163032059819166,True,1679555200.0,True
175,199409,-0.042654028436018954,False,32842600.0,False,0.01713146469486393,True,1661600000.0,True
176,199410,-0.014851485148514865,False,32486600.0,False,0.011881572869492096,True,2126796800.0,True
177,199411,0.18090452261306522,True,69651600.0,False,0.08610561291260121,True,1992945600.0,True
178,199412,0.03404255319148941,True,40565400.0,False,0.1505241200483609,True,1553358400.0,True
179,199501,0.11522633744855959,True,64869600.0,False,0.06426232866981718,True,1952177600.0,True
180,199502,0.0627306273062731,True,60877600.0,False,0.20618570743614306,True,2062513600.0,True
181,199503,-0.08333333333333337,False,59550000.0,False,0.09714157226449527,True,2722372800.0,True
182,199504,0.10606060606060597,True,72385000.0,False,0.12806273879755836,True,1989096000.0,True
183,199505,-0.10616438356164382,False,88273000.0,False,0.026653448996731832,True,2233384000.0,True
184,199506,0.034482758620689724,True,60169200.0,False,-0.05522027337879709,False,1973017600.0,True
185,199507,-0.13703703703703707,False,68389200.0,False,-0.020366298620422385,False,1444776800.0,True
186,199508,-0.19313304721030045,False,67628000.0,False,0.1621627100603409,True,1745368800.0,True
187,199509,-0.12765957446808507,False,63302000.0,False,-0.12828769429809206,False,1635819200.0,True
188,199510,-0.19512195121951215,False,62336800.0,False,-0.06776200118421005,False,1242437600.0,True
189,199511,0.19696969696969702,True,63704800.0,False,-0.026707436964090503,False,2392518400.0,True
190,199512,-0.01898734177215189,False,40098200.0,False,0.06556434370190156,True,1135956000.0,True
191,199601,-0.10322580645161294,False,34685600.0,False,-0.0329440589560811,False,1386664000.0,True
192,199602,0.07194244604316546,True,40919600.0,False,0.19120929624806804,True,1652880000.0,True
193,199603,-0.05369127516778527,False,43913400.0,False,0.11503435639721937,True,1272625600.0,True
194,199604,-0.22695035460992907,False,40526200.0,False,-0.027317758077751608,False,1112619200.0,True
195,199605,-0.11009174311926606,False,43102600.0,False,0.022979219673625595,True,1964907200.0,True
196,199606,0.05154639175257736,True,26600400.0,False,0.06312505518639644,True,1239524800.0,True
197,199607,0.15686274509803932,True,35120400.0,False,0.19577174463074343,True,1289012000.0,True
198,199608,0.20338983050847448,True,47814000.0,False,0.15127730800823946,True,1783640000.0,True
199,199609,0.3661971830985915,True,82655400.0,False,0.15527448264841714,True,1672116800.0,True
200,199610,0.061855670103092786,True,69450200.0,False,0.032019702446998144,True,1807088800.0,True
201,199611,0.3640776699029127,True,119009400.0,False,0.239140753496484,True,2230825600.0,True
202,199612,0.02491103202846978,True,60406400.0,False,-0.1252883073186325,False,2158319200.0,True
203,199701,0.15277777777777768,True,154383000.0,False,-0.019382805151900495,False,2181638400.0,True
204,199702,0.024096385542168752,True,134335600.0,False,0.10062816087469573,True,2472320800.0,True
205,199703,-0.05882352941176472,False,89132200.0,False,-0.010273747540474165,False,2384592800.0,True
206,199704,-0.10312500000000002,False,105038600.0,False,-0.06394430806730644,False,2101756800.0,True
207,199705,-0.020905923344947785,False,93440200.0,False,0.29484341502128775,True,1892300800.0,True
208,199706,0.07117437722419928,True,92728000.0,False,0.0037458280492916884,True,1411278800.0,True
209,199707,-0.13455149501661134,False,117991200.0,False,0.0020356612792231665,True,1034391600.0,True
210,199708,-0.2936660268714012,False,140772200.0,False,-0.16587695568874972,False,1986799200.0,True
211,199709,-0.05163043478260865,False,66340400.0,False,0.008472347235719324,True,1272398000.0,True
212,199710,-0.18624641833810884,False,63501600.0,False,-0.09500778376686614,False,1414142800.0,True
213,199711,0.13732394366197176,True,72734000.0,False,0.15302457778844913,True,1358238800.0,True
214,199712,0.16408668730650144,True,104360600.0,False,0.10767310631226357,True,1333076000.0,True
215,199801,0.23670212765957444,True,120487000.0,False,-0.12961702088281335,False,1701521600.0,True
216,199802,-0.04516129032258065,False,125112800.0,False,0.0352280454966456,True,1546118800.0,True
217,199803,-0.29504504504504503,False,105799000.0,False,-0.11567434964936829,False,1087710800.0,True
218,199804,-0.12779552715654952,False,83184200.0,False,0.037620166860077076,True,1440325200.0,True
219,199805,0.01098901098901095,True,102610600.0,False,0.13912335019353983,True,1585564800.0,True
220,199806,-0.24637681159420288,False,101506000.0,False,-0.15692106995555077,False,1761071600.0,True
221,199807,0.4278846153846154,True,114273600.0,False,0.20500708494783426,True,1476413200.0,True
222,199808,0.2154882154882154,True,168644800.0,False,0.04008685693981717,True,1574883200.0,True
223,199809,0.22714681440443218,True,165408400.0,False,0.20672818350647404,True,1293696800.0,True
224,199810,0.04740406320541757,True,136356400.0,False,0.10211248779367077,True,1208676800.0,True
225,199811,-0.20905172413793105,False,231621000.0,False,0.18871964794958784,True,1393780000.0,True
226,199812,-0.22070844686648505,False,174152000.0,False,-0.1490024811003693,False,1444981200.0,True
227,199901,-0.13286713286713292,False,90814000.0,False,-0.00841644624061566,False,1706606800.0,True
228,199902,0.06451612903225801,True,58483200.0,False,0.029442237247142344,True,1092352800.0,True
229,199903,0.1212121212121211,True,79407800.0,False,-0.11644485570607543,False,781813800.0,True
230,199904,-0.023648648648648685,False,84460200.0,False,0.10111331914899369,True,919890600.0,True
231,199905,-0.03806228373702425,False,56859600.0,False,0.15966364015544054,True,1011415000.0,True
232,199906,0.19064748201438841,True,74863000.0,False,0.19112322666759352,True,1095635000.0,True
233,199907,-0.16918429003021151,False,115243200.0,False,-0.09544534493373513,False,1051548200.0,True
234,199908,0.15272727272727282,True,84139400.0,False,0.04205198206367333,True,1205532800.0,True
235,199909,0.42586750788643535,True,153737000.0,False,-0.009685190797798282,False,854509600.0,True
236,199910,0.02433628318584069,True,118310600.0,False,0.07376511630195415,True,841517800.0,True
237,199911,0.24406047516198703,True,199690800.0,False,0.20197390802607407,True,1406932200.0,True
238,199912,0.09722222222222232,True,146979800.0,False,0.14213588977252445,True,965312200.0,True
239,200001,0.49367088607594933,True,225647000.0,False,0.16793871090885215,True,1131350200.0,True
240,200002,0.48305084745762716,True,288117600.0,False,-0.03884437732083579,False,1209578800.0,True
241,200003,-0.06571428571428573,False,220641800.0,False,-0.016757255070131594,False,1145907800.0,True
242,200004,-0.05504587155963303,False,176389000.0,False,0.07244652175382038,True,851667400.0,True
243,200005,-0.06796116504854366,False,196984600.0,False,-0.001402766699852842,False,829139100.0,True
244,200006,0.04166666666666674,True,250322000.0,False,0.12172296290704532,True,688110000.0,True
245,200007,-0.36,False,176186500.0,False,-0.4447327440974178,False,1467990100.0,True
246,200008,-0.05729166666666663,False,223975700.0,False,0.08270665473563965,True,1423595100.0,True
247,200009,-0.3259668508287292,False,128519300.0,False,-0.15416690075725215,False,998090900.0,True
248,200010,-0.09426229508196726,False,125858400.0,False,-0.20984211208562675,False,1120692200.0,True
249,200011,0.7809954751131223,True,159683400.0,False,0.23076932837318198,True,1211434900.0,True
250,200012,-0.1260162601626017,False,130838700.0,False,-0.22804051325773778,False,909408600.0,True
251,200101,0.23441865116279081,True,184234500.0,False,-0.07825807568826537,False,1421494900.0,True
252,200102,0.16804818507731034,True,229970800.0,False,0.1747268663623791,True,1232602500.0,True
253,200103,-0.08870967741935487,False,177020400.0,False,-0.12617276130392474,False,966714700.0,True
254,200104,0.023008849557522026,True,149482200.0,False,0.08361073370963568,True,1008249200.0,True
255,200105,-0.3681660899653978,False,191377500.0,False,0.019145425058481713,True,965577600.0,True
256,200106,-0.2579408543263966,False,138484400.0,False,-0.06206008726309442,False,951559900.0,True
257,200107,-0.39852398523985244,False,117454100.0,False,-0.2684996612119539,False,1066764600.0,True
258,200108,0.20736196319018396,True,119200700.0,False,0.19471635445439972,True,1237428800.0,True
259,200109,0.378048780487805,True,144754800.0,False,0.33742805069035886,True,1113379500.0,True
260,200110,0.1696165191740413,True,141235200.0,False,-0.03631555843061074,False,851932500.0,True
261,200111,0.011979760403530992,True,186799800.0,False,0.11414938026846655,True,1104847100.0,True
262,200112,-0.15887845226657027,False,120825500.0,False,-0.18521702901243942,False,958632000.0,True
263,200201,0.08962962962962973,True,107391900.0,False,0.06577634745870276,True,923979300.0,True
264,200202,-0.2399728076138682,False,133431100.0,False,-0.05919109343654638,False,977552800.0,True
265,200203,0.022361359570661987,True,100840400.0,False,-0.03460333678059235,False,976795600.0,True
266,200204,-0.14960629921259838,False,137478900.0,False,-0.33804756322562257,False,1334010600.0,True
267,200205,-0.17386831275720172,False,111618400.0,False,0.028461515730828113,True,1507029200.0,True
268,200206,0.10211706102117057,True,110296000.0,False,-0.11282572561559912,False,1182004600.0,True
269,200207,-0.3966101694915254,False,118764300.0,False,-0.1657684811682114,False,1253168200.0,True
270,200208,0.14981273408239693,True,211607900.0,False,0.245500600367746,True,1881026700.0,True
271,200209,0.46579804560260585,True,286594000.0,False,0.2069363952619907,True,1250526600.0,True
272,200210,-0.28222222222222226,False,200971700.0,False,-0.2535149219176358,False,1176184400.0,True
273,200211,-0.18885448916408665,False,203923100.0,False,0.005780541518556781,True,1296861600.0,True
274,200212,0.04770992366412208,True,94819000.0,False,0.10153236955935374,True,972981900.0,True
275,200301,0.12568306010928953,True,154559400.0,False,-0.05502350501235154,False,1292712700.0,True
276,200302,0.2038834951456312,True,219445600.0,False,0.13022151093745693,True,1222054300.0,True
277,200303,-0.021505376344086002,False,139247600.0,False,0.1315215082845922,True,1286127600.0,True
278,200304,-0.11950549450549453,False,206623100.0,False,0.000570958208814254,True,1356186800.0,True
279,200305,0.1388455538221529,True,144233300.0,False,0.19605967535067959,True,1431224400.0,True
280,200306,0.5465753424657533,True,230096800.0,False,0.1486546372388673,True,1148633000.0,True
281,200307,-0.01594331266607618,False,307099200.0,False,-0.036659107316877826,False,1165832900.0,True
282,200308,0.3681368136813681,True,273043900.0,False,0.1973112021627479,True,1220535000.0,True
283,200309,0.1822367763157895,True,247003800.0,False,0.0179058544285271,True,904543000.0,True
284,200310,-0.17084024322984093,False,267280600.0,False,-0.04385708869688909,False,1082622400.0,True
285,200311,-0.0026845637583893245,False,279096000.0,False,-0.047737691284939765,False,1125545500.0,True
286,200312,0.009421265141319024,True,191274800.0,False,-0.04325016552432526,False,1096668000.0,True
287,200401,0.08200000000000007,True,234984300.0,False,-0.06730534419399892,False,1699989600.0,True
288,200402,-0.12384473197781887,False,235253900.0,False,-0.054043835390362394,False,1377614900.0,True
289,200403,0.09353023909985936,True,189583500.0,False,0.1095997471980823,True,1195945600.0,True
290,200404,0.022508038585209,True,201887900.0,False,-0.031801791768255594,False,1025083900.0,True
291,200405,-0.2144654088050314,False,275641400.0,False,-0.11666649797795303,False,1685420600.0,True
292,200406,-0.08486789431545239,False,161423500.0,False,-0.12674344150959038,False,1268945500.0,True
293,200407,0.13735783027121617,True,189707100.0,False,-0.05621166450843995,False,1564929800.0,True
294,200408,0.29384615384615387,True,242795000.0,False,0.10967122843866428,True,1523801700.0,True
295,200409,0.26516058263971476,True,302808300.0,False,0.0053905967249170406,True,1424847200.0,True
296,200410,0.0347743874636095,True,244518300.0,False,0.04698208253159719,True,1490134800.0,True
297,200411,-0.2824704813805631,False,393453500.0,False,-0.040188290335362864,False,1589091300.0,True
298,200412,0.10443044303797455,True,202230300.0,False,0.06859724046894233,True,1420647100.0,True
299,200501,-0.07621776067519981,False,172862500.0,False,-0.028236825026151102,False,1362583000.0,True
300,200502,-0.11724571232967052,False,216557300.0,False,0.01248353400021407,True,1365595400.0,True
301,200503,0.15249472944483466,True,128537300.0,False,0.14625885025839525,True,1293616200.0,True
302,200504,0.05731707317073176,True,165349200.0,False,-0.03161546159138107,False,1169082600.0,True
303,200505,0.15801614763552463,True,172963700.0,False,0.04304353224475865,True,1067827200.0,True
304,200506,0.03436254980079689,True,130359000.0,False,-0.05232116767267081,False,994634900.0,True
305,200507,0.21328844487241216,True,206500600.0,False,-0.03881132665242759,False,1085852500.0,True
306,200508,-0.07857150481859121,False,262994400.0,False,-0.046654026418361916,False,1165374500.0,True
307,200509,0.12747636207908553,True,230878600.0,False,0.13531923991049832,True,1130819800.0,True
308,200510,0.168831168831169,True,202885200.0,False,-0.06125390358840488,False,1104580800.0,True
309,200511,0.3660130392156862,True,405342700.0,False,-0.1482375168587481,False,1852525400.0,True
310,200512,-0.07488040848996191,False,242927000.0,False,-0.03104396623551775,False,1590202000.0,True
311,200601,-0.14248767222589465,False,445050900.0,False,-0.050862761037613446,False,1935500400.0,True
312,200602,-0.024427080820265346,False,344974900.0,False,0.026721426738367082,True,1498496500.0,True
313,200603,-0.045131347457888604,False,324838800.0,False,-0.0980979610307704,False,1676106300.0,True
314,200604,-0.20945287178546035,False,340982000.0,False,0.05979396963420247,True,1609055300.0,True
315,200605,-0.20597874692874696,False,422223600.0,False,-0.05263179909014737,False,1271383700.0,True
316,200606,0.28880873072762925,True,458123200.0,False,0.08722190684540543,True,1287884000.0,True
317,200607,-0.0056022408963584125,False,401445700.0,False,0.05710858503031613,True,1396655300.0,True
318,200608,-0.14406438631790752,False,649272200.0,False,0.03743332771882546,True,1587909000.0,True
319,200609,0.014104372355430161,True,389191100.0,False,0.002811493298011669,True,1182225800.0,True
320,200610,-0.05656003708854884,False,416644900.0,False,-0.0491401665592881,False,909179000.0,True
321,200611,-0.23587223587223594,False,632791700.0,False,0.03506163383775451,True,1614851100.0,True
322,200612,-0.03086816720257235,False,505937100.0,False,-0.05248135140852528,False,1175995900.0,True
323,200701,-0.1333775713337757,False,510042200.0,False,-0.03160264486144637,False,1380681800.0,True
324,200702,0.05819295558958659,True,677886200.0,False,0.1238894040538594,True,1477884000.0,True
325,200703,0.0325615050651229,True,604659300.0,False,0.03162786799248263,True,1282004400.0,True
326,200704,0.0021023125437982237,True,544825300.0,False,0.0758777284805432,True,1332613900.0,True
327,200705,-0.0531468531468533,False,642584900.0,False,-0.0050548771013267935,False,1499628800.0,True
328,200706,-0.039881831610044216,False,635797600.0,False,0.09017743023362934,True,1533784300.0,True
329,200707,0.01538461538461533,True,393654700.0,False,0.008963956751937951,True,1186023200.0,True
330,200708,-0.009090909090909038,False,481709400.0,False,0.04021613352310194,True,1566472800.0,True
331,200709,-0.25382262996941896,False,503212900.0,False,-0.030482784267425678,False,1368224000.0,True
332,200710,-0.23155737704918034,False,598480900.0,False,0.026567702267471516,True,943306700.0,True
333,200711,0.01200000000000001,True,785177400.0,False,-0.2085524995561735,False,2466431600.0,True
334,200712,-0.050065876152832645,False,469176500.0,False,-0.05355428538811702,False,1461654100.0,True
335,200801,-0.18307905686546466,False,454783500.0,False,0.06703344939660938,True,1355904700.0,True
336,200802,0.011884550084889645,True,509054300.0,False,0.05099143121826932,True,1281765800.0,True
337,200803,0.15436241610738244,True,469607800.0,False,0.04132977115930503,True,1143725900.0,True
338,200804,-0.15261627906976738,False,531728900.0,False,-0.06780430371750823,False,1135974600.0,True
339,200805,-0.2778730703259006,False,594637700.0,False,0.03305411003517977,True,1379893000.0,True
340,200806,0.49406175771971506,True,438351400.0,False,0.030644311241203148,True,1085887300.0,True
341,200807,-0.16534181240063595,False,460925700.0,False,-0.17590033833716578,False,1623820500.0,True
342,200808,-0.33333333333333337,False,644021600.0,False,-0.14415357736288437,False,2340996600.0,True
343,200809,-0.32571428571428573,False,342099200.0,False,-0.13911414094086982,False,1534106100.0,True
344,200810,-0.08474576271186429,False,318103700.0,False,0.07154512146253378,True,1330676100.0,True
345,200811,0.01388888888888884,True,314953000.0,False,-0.12005445712328866,False,1272188700.0,True
346,200812,-0.004566210045662045,False,256044900.0,False,-0.012403687830318866,False,1328263700.0,True
347,200901,0.39908256880733917,True,373265200.0,False,0.1919026830501136,True,1633445000.0,True
348,200902,0.18360655737704912,True,341310700.0,False,0.049900345171502325,True,1505340900.0,True
349,200903,0.25761772853185594,True,432645900.0,False,-0.003802531029716283,False,1338935300.0,True
350,200904,-0.14757709251101325,False,485302200.0,False,0.06172102330565066,True,1304048600.0,True
351,200905,-0.054263565891472854,False,534541100.0,False,0.16314224566584423,True,1726189600.0,True
352,200906,0.1912568306010929,True,416458300.0,False,0.05558426219283841,True,1109221900.0,True
353,200907,0.2981651376146788,True,735800000.0,False,-0.029879801102141057,False,1065272900.0,True
354,200908,-0.187279151943463,False,669105800.0,False,-0.02350525967091055,False,1704082000.0,True
355,200909,0.5239130434782608,True,744345500.0,False,0.004709642476347531,True,1184437600.0,True
356,200910,0.38088445078459343,True,610098700.0,False,0.07060181945518917,True,1038055000.0,True
357,200911,-0.22933884297520657,False,539405700.0,False,-0.04901945888114301,False,1509082400.0,True
358,200912,0.0603217158176943,True,349645100.0,False,0.05824741863674143,True,1125494400.0,True
359,201001,0.1719342604298355,True,362325900.0,False,0.09441334524571943,True,1290896200.0,True
360,201002,-0.02157497303128364,False,545403600.0,False,0.024674441699649607,True,1550379100.0,True
361,201003,-0.055126791620727644,False,714882100.0,False,-0.062171655433050144,False,1830571300.0,True
362,201004,-0.14585764294049008,False,600646700.0,False,-0.08556601492598015,False,1364086200.0,True
363,201005,0.023224043715847076,True,708138000.0,False,0.05912600473135887,True,1607900800.0,True
364,201006,-0.25100133511348466,False,670320000.0,False,-0.14223284557431404,False,1741791400.0,True
365,201007,0.267379679144385,True,643928600.0,False,0.09487642755956194,True,1347521700.0,True
366,201008,0.03234880450070321,True,602273500.0,False,0.04427088906139698,True,1399157800.0,True
367,201009,-0.006811989100817373,False,430132400.0,False,0.05536171400560996,True,1126956500.0,True
368,201010,0.12208504801097386,True,345150800.0,False,0.001636865931364806,True,920821000.0,True
369,201011,-0.04278728606356963,False,661252800.0,False,0.020447159322800834,True,1449438700.0,True
370,201012,0.1762452107279695,True,559169900.0,False,0.0004655894553737827,True,1002697600.0,True
371,201101,-0.0662323561346364,False,431229300.0,False,-0.05212604139540411,False,1330377500.0,True
372,201102,0.058139534883721034,True,349835500.0,False,0.1471755113102271,True,1446913800.0,True
373,201103,-0.0461538461538461,False,307639900.0,False,-0.027646264085476102,False,1583498800.0,True
374,201104,-0.194700460829493,False,468109800.0,False,-0.00781778777172426,False,1183643100.0,True
375,201105,0.05007153075822601,True,511986100.0,False,0.007671441420491698,True,945313300.0,True
376,201106,-0.06948228882833785,False,582782600.0,False,-0.09852186351779657,False,1552667100.0,True
377,201107,-0.2562225475841874,False,546673900.0,False,0.0704586816830517,True,1336431600.0,True
378,201108,0.1476377952755905,True,489208600.0,False,0.14995328482970294,True,1523540600.0,True
379,201109,-0.02401372212692965,False,374278500.0,False,0.015077549063784446,True,1137108100.0,True
380,201110,-0.05096660808435849,False,246292700.0,False,-0.0178473682816348,False,987696800.0,True
381,201111,0.24259259259259247,True,348780400.0,False,0.08948421301216447,True,1119898300.0,True
382,201112,0.09538002980625926,True,315144700.0,False,0.017411034692548677,True,782982800.0,True
383,201201,0.09115646258503407,True,340485500.0,False,0.05449050172084613,True,726544100.0,True
384,201202,-0.08229426433915199,False,346033400.0,False,0.009957528132904736,True,747858300.0,True
385,201203,-0.17391304347826086,False,356499800.0,False,-0.09014123610827496,False,872560200.0,True
386,201204,-0.05756578947368418,False,305370800.0,False,0.038823498629242836,True,789493000.0,True
387,201205,-0.29144851657940674,False,422901800.0,False,-0.035647598457629326,False,767755500.0,True
388,201206,-0.08374384236453192,False,378898100.0,False,-0.03385217760792891,False,753682300.0,True
389,201207,-0.09408602150537637,False,596182800.0,False,-0.07939988364705663,False,933236400.0,True
390,201208,-0.3916913946587538,False,673971900.0,False,-0.0454548118973046,False,1116041800.0,True
391,201209,0.07317073170731736,True,589473800.0,False,-0.09523773533345492,False,1158066100.0,True
392,201210,0.09090909090909083,True,505946700.0,False,0.06451092278590331,True,805637100.0,True
393,201211,0.08333333333333348,True,578923500.0,False,0.020368920339260077,True,1220335600.0,True
394,201212,-0.04230769230769227,False,288580100.0,False,-0.007604763777363188,False,702460600.0,True
395,201301,0.02409638554216853,True,256612600.0,False,0.05721881376973781,True,755792900.0,True
396,201302,0.10588235294117654,True,405342300.0,False,0.09661136093895184,True,1251872500.0,True
397,201303,0.4184397163120568,True,956205200.0,False,0.013778747828548044,True,740062700.0,True
398,201304,0.020000000000000018,True,432452200.0,False,0.0073415596480794765,True,870588100.0,True
399,201305,-0.07598039215686281,False,887955000.0,False,-0.03673118652592888,False,1016381600.0,True
400,201306,-0.13262599469496017,False,436575700.0,False,-0.05826916751446043,False,648993400.0,True
401,201307,0.1651376146788992,True,549781400.0,False,0.05296939464161032,True,645551600.0,True
402,201308,-0.12335958005249348,False,909573300.0,False,0.06762654571332694,True,797993300.0,True
403,201309,0.08982035928143728,True,312102400.0,False,-0.02574589193679422,False,591599400.0,True
404,201310,0.06318681318681318,True,313148800.0,False,0.0991197560421746,True,614535900.0,True
405,201311,-0.1136950904392765,False,770422000.0,False,-0.05469914079428695,False,834053300.0,True
406,201312,0.08163265306122436,True,317509100.0,False,0.008964989613426289,True,510845400.0,False
407,201401,0.08086253369272223,True,451073000.0,False,0.052347278235037153,True,587134100.0,True
408,201402,0.01995012468827939,True,592512300.0,False,0.034095354066940864,True,735615600.0,True
409,201403,-0.022004889975550057,False,310712200.0,False,0.023604313420056977,True,491940100.0,False
410,201404,0.0475000000000001,True,431502500.0,False,0.14075815197904173,True,761349300.0,True
411,201405,-0.06682577565632464,False,1077778500.0,False,0.09676394450935177,True,835570200.0,True
412,201406,0.06649616368286448,True,462568300.0,False,0.030392274120343066,True,593322200.0,True
413,201407,-0.18225419664268583,False,372572500.0,False,0.0037690687324158922,True,558097600.0,True
414,201408,-0.1788856304985338,False,673408400.0,False,-0.023262604885018523,False,894696800.0,True
415,201409,-0.0035714285714284477,False,213816500.0,False,0.09526618447077384,True,562628200.0,True
416,201410,-0.043010752688172116,False,303879500.0,False,-0.019383593147584977,False,600051700.0,True
417,201411,-0.03745318352059923,False,435408400.0,False,-0.08955662308434365,False,689892600.0,True
418,201412,0.21011673151750965,True,339665200.0,False,0.006356073192326006,True,456578100.0,False
419,201501,-0.13826366559485526,False,269815500.0,False,-0.052803300001598275,False,910690800.0,True
420,201502,-0.15671641791044788,False,335187000.0,False,0.0409338456182633,True,568144200.0,True
421,201503,0.008849557522123908,True,210397100.0,False,0.058678950152968534,True,498672700.0,False
422,201504,0.05263157894736836,True,389269100.0,False,-0.1108540363223931,False,701953000.0,True
423,201505,-0.1958333333333333,False,406747300.0,False,-0.04832355266034627,False,829691000.0,True
424,201506,-0.07772020725388595,False,275270100.0,False,-0.01416209632871901,False,706404700.0,True
425,201507,-0.03370786516853941,False,188468000.0,False,0.06483436810240173,True,680884100.0,True
426,201508,0.2325581395348839,True,205349000.0,False,0.1234244398238642,True,703298300.0,True
427,201509,0.1132075471698113,True,136451200.0,False,0.026875104698479868,True,459871400.0,False
428,201510,0.21610169491525433,True,266450600.0,False,-0.0022238679120857308,False,427664700.0,False
429,201511,-0.23344947735191635,False,355489300.0,False,-0.09956452172231478,False,615464900.0,True
430,201512,-0.027272727272727337,False,192749800.0,False,-0.04609920787544597,False,526508800.0,False
431,201601,0.3317757009345794,True,333321700.0,False,0.10289726930663035,True,471958200.0,False
432,201602,0.24561403508771917,True,472576300.0,False,-0.06398774728365952,False,515836800.0,False
433,201603,0.2873239436619719,True,394438600.0,False,0.04326303235994744,True,431523200.0,False
434,201604,0.12472647702406991,True,625642500.0,False,0.04727166610701494,True,484891000.0,False
435,201605,0.3346303501945527,True,700562400.0,False,0.06280488093282033,True,530528900.0,True
436,201606,0.07871720116618075,True,606398900.0,False,0.02954721122110926,True,390892300.0,False
437,201607,-0.0662162162162162,False,1041904000.0,False,0.059797690308283746,True,505600300.0,False
438,201608,0.04630969609261948,True,869559700.0,False,-0.07629138234323207,False,471649900.0,False
439,201609,0.2323651452282156,True,990277900.0,False,-0.00487530734645536,False,412448100.0,False
440,201610,0.2727272727272727,True,1155647500.0,False,0.053159234428517665,True,405906200.0,False
441,201611,-0.08553791887125228,False,878890400.0,False,0.01516364971498696,True,456335100.0,False
442,201612,0.39440694310511115,True,1571999700.0,True,-0.016838497697679866,False,477551300.0,False
443,201701,0.006224066390041472,True,1733593200.0,True,0.003522408405986832,True,546151800.0,True
444,201702,-0.08591065292096223,False,943383500.0,False,0.002217714151051764,True,444122200.0,False
445,201703,-0.15864661654135348,False,1716437000.0,True,-0.001106646708398884,False,432927300.0,False
446,201704,0.11528150134048265,True,2208152100.0,True,-0.058681721272191734,False,499455600.0,False
447,201705,0.0905448717948718,True,1710461400.0,True,0.05127465382318519,True,440860400.0,False
448,201706,-0.04335047759000732,False,1321868100.0,True,-0.011277121693364034,False,497303200.0,False
449,201707,-0.020737327188940058,False,1209201600.0,False,0.09397945684877351,True,431948900.0,False
450,201708,-0.13803921568627453,False,1358068500.0,True,0.19459015922440814,True,633392500.0,True
451,201709,-0.009099181073703333,False,1039199400.0,False,-0.01428890147109152,False,579910400.0,True
452,201710,-0.0560146923783289,False,795755000.0,False,0.03553840106148698,True,559756900.0,True
453,201711,0.33657587548638146,True,1335288900.0,True,0.04289451026218538,True,910041000.0,True
454,201712,-0.11863173216885015,False,1103985800.0,False,0.023888569030179774,True,608494100.0,True
455,201801,-0.17010734929810067,False,1483511900.0,True,0.06377221283686896,True,710899300.0,True
456,201802,0.08258706467661692,True,1163360900.0,False,-0.008832540203418171,False,666315000.0,True
457,201803,0.2619485294117647,True,1020602700.0,False,0.06935292564071038,True,486323900.0,False
458,201804,0.09176984705025482,True,1632781900.0,True,-0.09425914632007781,False,638342400.0,True
459,201805,0.2228152101400933,True,1456419400.0,True,-0.03238783975362869,False,479303100.0,False
460,201806,0.37315875613747984,True,2201119100.0,True,0.006860746193757761,True,516977100.0,False
461,201807,0.22725462852602285,True,3063055900.0,True,-0.01760074337228612,False,462762400.0,False
462,201808,-0.41048884462573143,False,2655213100.0,True,-0.008669995919349804,False,782226900.0,True
463,201809,0.16968699449132307,True,2140346900.0,True,0.0518344382164726,True,552786700.0,True
464,201810,-0.13333333959311455,False,1981674300.0,True,-0.04227653388654906,False,565278100.0,True
465,201811,0.3223185981754386,True,2311913200.0,True,0.004048499807371986,True,620374700.0,True
466,201812,-0.03605075788611212,False,1301360800.0,False,0.12393884925365062,True,410236000.0,False
467,201901,0.08457283958466455,True,1499160400.0,True,0.020400129495289132,True,435022900.0,False
468,201902,0.08268021159874595,True,1275793800.0,False,-0.049534542151227545,False,472425200.0,False
469,201903,-0.007962323849523001,False,1675142900.0,True,-0.13714722523481948,False,637861500.0,True
470,201904,0.10798982123312673,True,1578306600.0,True,0.09362310995704481,True,416044500.0,False
471,201905,0.0026341783788548234,True,1155856000.0,False,0.055984991694223885,True,431124500.0,False
472,201906,0.03284072141738181,True,1645672800.0,True,-0.062116681121032746,False,531366100.0,True
473,201907,-0.07821942517585301,False,1012749700.0,False,0.09423983956583837,True,387955800.0,False
474,201908,0.17040358744394624,True,1067281800.0,False,0.09703093137287233,True,438267300.0,False
475,201909,0.1538462127910405,True,1202279900.0,False,0.026888342980310842,True,319751400.0,False
476,201910,0.17139204743846514,True,982440800.0,False,0.036682046913593336,True,419629000.0,False
477,201911,0.024858241935057812,True,1227882000.0,False,0.06817047710210367,True,534150100.0,True
478,201912,-0.03234042553191496,False,1283576300.0,False,-0.13155011805027172,False,441521000.0,False
479,202001,0.0,False,2095887300.0,True,-0.02041576928659483,False,961035400.0,True
480,202002,0.1519348944591028,True,1714919300.0,True,0.10827798160189772,True,617700400.0,True
481,202003,0.02691353363072224,True,1193043600.0,False,0.04918303664968082,True,409270800.0,False
482,202004,-0.022118922344217862,False,1174375200.0,False,-0.04389051868921667,False,570544800.0,True
483,202005,0.47177339912994865,True,1563822600.0,True,-0.20223977398827064,False,808715000.0,True
484,202006,0.17293038873821498,True,1220478900.0,False,0.06746285452548206,True,667362200.0,True
485,202007,-0.09722530279674069,False,1168500500.0,False,0.02319262766083363,True,680466700.0,True
486,202008,-0.08171724799895708,False,1181161700.0,False,-0.14484355814836514,False,738448400.0,True
487,202009,0.12418645073467327,True,675113300.0,False,0.025067779975343818,True,517155400.0,False
488,202010,,False,,False,,False,,False
